--
-- Dumping data for table `users`
--

LOCK TABLES `users` WRITE;
/*!40000 ALTER TABLE `users` DISABLE KEYS */;
INSERT INTO `users` (`id`,`email`,`name`,`password`,`role`) VALUES ('da3ef8ad-b945-472e-8803-621b9fcde824','test@example.com','Test User','$2a$10$eQif0/Z/Xwh3dn1LUWLA0.vzpbCsOO3Uxp8jGpocKuJGOI0QkBjxe','CLIENT');
/*!40000 ALTER TABLE `users` ENABLE KEYS */;
UNLOCK TABLES;
/*!40103 SET TIME_ZONE=@OLD_TIME_ZONE */;

/*!40101 SET SQL_MODE=@OLD_SQL_MODE */;
/*!40014 SET FOREIGN_KEY_CHECKS=@OLD_FOREIGN_KEY_CHECKS */;
/*!40014 SET UNIQUE_CHECKS=@OLD_UNIQUE_CHECKS */;
/*!40101 SET CHARACTER_SET_CLIENT=@OLD_CHARACTER_SET_CLIENT */;
/*!40101 SET CHARACTER_SET_RESULTS=@OLD_CHARACTER_SET_RESULTS */;
/*!40101 SET COLLATION_CONNECTION=@OLD_COLLATION_CONNECTION */;
/*!40111 SET SQL_NOTES=@OLD_SQL_NOTES */;

-- Dump completed on 2023-07-26 14:07:25

LOCK TABLES `collections` WRITE;
/*!40000 ALTER TABLE `collections` DISABLE KEYS */;
INSERT INTO `collections` (`id`,`created_at`,`created_by`,`last_modified_by`,`updated_at`,`description`,`name`)  VALUES ('54fc51ec-6a4f-4107-acb1-cc7359a550bc','2023-07-26 13:00:19.958000','da3ef8ad-b945-472e-8803-621b9fcde824','da3ef8ad-b945-472e-8803-621b9fcde824','2023-07-26 13:00:19.958000','A collection of great desserts','My Desserts Collection'),('6bef9158-ba10-4796-bc2f-907f149bb307','2023-07-26 12:56:53.408000','da3ef8ad-b945-472e-8803-621b9fcde824','da3ef8ad-b945-472e-8803-621b9fcde824','2023-07-26 12:56:53.408000','A collection of great healthy meals','Healthy Meals'),('72cf33e2-fce4-4a83-8ac6-12d105ee5c64','2023-07-26 12:54:39.358000','da3ef8ad-b945-472e-8803-621b9fcde824','da3ef8ad-b945-472e-8803-621b9fcde824','2023-07-26 12:54:39.358000','A collection of great Ethiopian foods','Ethiopian Foods');
/*!40000 ALTER TABLE `collections` ENABLE KEYS */;
UNLOCK TABLES;


--
-- Dumping data for table `nutrition`
--

LOCK TABLES `nutrition` WRITE;
/*!40000 ALTER TABLE `nutrition` DISABLE KEYS */;
INSERT INTO `nutrition` (`id`,`created_at`,`created_by`,`last_modified_by`,`updated_at`,`calories`,`carbohydrates`,`cholesterol`,`fiber`,`protein`,`saturated_fat`,`sodium`,`sugar`,`total_fat`) VALUES ('075f24bf-0977-4a3f-b59b-f00183e20b9e','2023-07-26 13:05:40.085000','da3ef8ad-b945-472e-8803-621b9fcde824','da3ef8ad-b945-472e-8803-621b9fcde824','2023-07-26 13:05:40.085000',206,31,72,4,6,2,335,6,8),('10a12bbd-f154-445c-97e5-a1db2ab8773b','2023-07-26 13:07:02.208000','da3ef8ad-b945-472e-8803-621b9fcde824','da3ef8ad-b945-472e-8803-621b9fcde824','2023-07-26 13:07:02.208000',748,50,85,2,27,20,1335,16,49),('14a01a69-f7b6-4c25-8049-3ec10d6195df','2023-07-26 12:57:55.873000','da3ef8ad-b945-472e-8803-621b9fcde824','da3ef8ad-b945-472e-8803-621b9fcde824','2023-07-26 12:57:55.873000',155,39,0,5,2,0,5,29,1),('2ad065fe-d348-4560-b415-d58eba113344','2023-07-26 13:06:49.939000','da3ef8ad-b945-472e-8803-621b9fcde824','da3ef8ad-b945-472e-8803-621b9fcde824','2023-07-26 13:06:49.939000',554,46,99,6,20,15,2386,5,33),('3938fa75-f9cb-4b22-9674-a0a16acf305d','2023-07-26 13:05:21.175000','da3ef8ad-b945-472e-8803-621b9fcde824','da3ef8ad-b945-472e-8803-621b9fcde824','2023-07-26 13:05:21.175000',400,39,3,4,8,4,1904,8,25),('3d76f174-2fbc-4b97-a13b-ee185e8cae38','2023-07-26 12:58:42.187000','da3ef8ad-b945-472e-8803-621b9fcde824','da3ef8ad-b945-472e-8803-621b9fcde824','2023-07-26 12:58:42.187000',265,14,67,0,23,3,633,12,12),('4cbc5580-bdb9-4acc-9906-870c6ec7ac52','2023-07-26 13:02:12.395000','da3ef8ad-b945-472e-8803-621b9fcde824','da3ef8ad-b945-472e-8803-621b9fcde824','2023-07-26 13:02:12.395000',399,32,67,6,4,16,112,16,30),('514b5d2f-185a-4248-b470-cb6edb6b1f42','2023-07-26 12:54:54.494000','da3ef8ad-b945-472e-8803-621b9fcde824','da3ef8ad-b945-472e-8803-621b9fcde824','2023-07-26 12:54:54.494000',778,24,399,12,33,32,2859,8,54),('741ed43c-f416-41eb-ab1b-2db829eef982','2023-07-26 13:00:54.380000','da3ef8ad-b945-472e-8803-621b9fcde824','da3ef8ad-b945-472e-8803-621b9fcde824','2023-07-26 13:00:54.380000',271,40,49,1,5,6,493,15,11),('76105564-4aad-46da-8f6b-2a9356b344ca','2023-07-26 12:57:14.761000','da3ef8ad-b945-472e-8803-621b9fcde824','da3ef8ad-b945-472e-8803-621b9fcde824','2023-07-26 12:57:14.761000',63,5,0,1,6,0,513,2,2),('7d2ae65e-8c56-416f-8ed2-6613144ad59d','2023-07-26 12:58:14.816000','da3ef8ad-b945-472e-8803-621b9fcde824','da3ef8ad-b945-472e-8803-621b9fcde824','2023-07-26 12:58:14.816000',310,58,0,22,20,0,255,10,1),('8c91f8e9-812a-41c6-88f2-e0adada9a536','2023-07-26 12:55:09.113000','da3ef8ad-b945-472e-8803-621b9fcde824','da3ef8ad-b945-472e-8803-621b9fcde824','2023-07-26 12:55:09.113000',166,32,0,4,5,0,28,1,2),('906b1d4e-46d4-40dd-8395-d1971dba17c3','2023-07-26 12:57:27.819000','da3ef8ad-b945-472e-8803-621b9fcde824','da3ef8ad-b945-472e-8803-621b9fcde824','2023-07-26 12:57:27.819000',58,8,0,2,3,0,185,0,3),('acac13c9-76db-4ade-b0a7-c78f9897abff','2023-07-26 13:07:17.854000','da3ef8ad-b945-472e-8803-621b9fcde824','da3ef8ad-b945-472e-8803-621b9fcde824','2023-07-26 13:07:17.854000',265,15,57,1,10,11,1136,6,18),('ae1956f6-7db4-4366-8840-e971562e2d7b','2023-07-26 13:01:42.152000','da3ef8ad-b945-472e-8803-621b9fcde824','da3ef8ad-b945-472e-8803-621b9fcde824','2023-07-26 13:01:42.152000',331,46,57,1,3,8,286,39,16),('aef7c6f4-01c1-44e8-af0a-bed432f90d3e','2023-07-26 13:06:21.921000','da3ef8ad-b945-472e-8803-621b9fcde824','da3ef8ad-b945-472e-8803-621b9fcde824','2023-07-26 13:06:21.921000',156,18,0,3,2,2,784,12,10),('b94321ff-9a6b-414d-8c43-16b90656c26e','2023-07-26 12:55:24.816000','da3ef8ad-b945-472e-8803-621b9fcde824','da3ef8ad-b945-472e-8803-621b9fcde824','2023-07-26 12:55:24.816000',336,41,0,9,6,3,673,12,19),('bda8c7e7-2bdc-405d-9df9-d3d84e30750e','2023-07-26 12:55:44.385000','da3ef8ad-b945-472e-8803-621b9fcde824','da3ef8ad-b945-472e-8803-621b9fcde824','2023-07-26 12:55:44.385000',88,10,0,4,3,1,408,2,5),('c12e5f34-b6e9-401e-82eb-8e652341a671','2023-07-26 12:59:01.570000','da3ef8ad-b945-472e-8803-621b9fcde824','da3ef8ad-b945-472e-8803-621b9fcde824','2023-07-26 12:59:01.570000',289,53,0,4,5,1,304,4,7),('d4ad63c8-4817-4005-a2c7-f48356121636','2023-07-26 13:02:27.499000','da3ef8ad-b945-472e-8803-621b9fcde824','da3ef8ad-b945-472e-8803-621b9fcde824','2023-07-26 13:02:27.499000',847,130,172,3,7,22,319,84,36),('dc64ed71-673f-4131-84c4-a0a4bdf278b9','2023-07-26 13:01:21.250000','da3ef8ad-b945-472e-8803-621b9fcde824','da3ef8ad-b945-472e-8803-621b9fcde824','2023-07-26 13:01:21.250000',317,38,31,2,5,3,205,16,17),('e05c69ba-91ba-4139-afca-dab49b31a16d','2023-07-26 13:02:00.121000','da3ef8ad-b945-472e-8803-621b9fcde824','da3ef8ad-b945-472e-8803-621b9fcde824','2023-07-26 13:02:00.121000',138,13,31,0,2,5,113,9,9),('e27eb4e4-74a9-4bf7-a441-d88093c9038e','2023-07-26 12:58:27.281000','da3ef8ad-b945-472e-8803-621b9fcde824','da3ef8ad-b945-472e-8803-621b9fcde824','2023-07-26 12:58:27.281000',63,7,0,3,3,1,71,2,4),('e697e4d5-0cfb-4923-98bf-b26086ec59a7','2023-07-26 13:06:04.608000','da3ef8ad-b945-472e-8803-621b9fcde824','da3ef8ad-b945-472e-8803-621b9fcde824','2023-07-26 13:06:04.608000',80,9,12,2,2,3,743,5,4),('efa2629a-96f2-47c4-be1c-ffc18763bfff','2023-07-26 13:05:52.043000','da3ef8ad-b945-472e-8803-621b9fcde824','da3ef8ad-b945-472e-8803-621b9fcde824','2023-07-26 13:05:52.043000',400,26,76,1,11,17,639,2,28),('f17bc4ad-0653-40c1-881b-4414fdaf083b','2023-07-26 13:01:09.988000','da3ef8ad-b945-472e-8803-621b9fcde824','da3ef8ad-b945-472e-8803-621b9fcde824','2023-07-26 13:01:09.988000',274,45,43,2,3,6,184,32,10),('f3d6e797-2bb8-4dd6-9dd4-6d42c6bf04c2','2023-07-26 13:05:10.143000','da3ef8ad-b945-472e-8803-621b9fcde824','da3ef8ad-b945-472e-8803-621b9fcde824','2023-07-26 13:05:10.143000',243,11,57,0,14,6,397,0,16),('fb070321-c3f9-41b5-acc9-2941d1c00471','2023-07-26 12:57:42.113000','da3ef8ad-b945-472e-8803-621b9fcde824','da3ef8ad-b945-472e-8803-621b9fcde824','2023-07-26 12:57:42.113000',183,26,47,3,5,1,25,2,7),('fb1e8b5e-d538-4e20-8ed5-24d871dd9891','2023-07-26 13:00:41.001000','da3ef8ad-b945-472e-8803-621b9fcde824','da3ef8ad-b945-472e-8803-621b9fcde824','2023-07-26 13:00:41.001000',567,67,118,3,7,19,361,31,31),('fd8790b6-7b7a-4bf1-ab56-8d8131f6c8d4','2023-07-26 13:06:36.254000','da3ef8ad-b945-472e-8803-621b9fcde824','da3ef8ad-b945-472e-8803-621b9fcde824','2023-07-26 13:06:36.254000',657,44,115,5,32,18,1930,10,40);
/*!40000 ALTER TABLE `nutrition` ENABLE KEYS */;
UNLOCK TABLES;



--
-- Dumping data for table `recipes`
--



LOCK TABLES `recipes` WRITE;
/*!40000 ALTER TABLE `recipes` DISABLE KEYS */;
INSERT INTO `recipes` (`id`,`created_at`,`created_by`,`last_modified_by`,`updated_at`,`cook_time`,`description`,`image`,`name`,`prep_time`,`servings`,`source`,`collection_id`,`nutrition_id`) VALUES ('044dcbb5-557f-4894-9aad-0f7fe0e7c890','2023-07-26 12:58:27.282000','da3ef8ad-b945-472e-8803-621b9fcde824','da3ef8ad-b945-472e-8803-621b9fcde824','2023-07-26 12:58:27.282000',20,'Roasted broccoli florets and broccoli stems are cooked with just olive oil, salt, and pepper. So much more flavorsome than boiled or steamed broccoli!','20230726125827.','Easy Roasted Broccoli',10,4,'https://www.allrecipes.com/recipe/240438/easy-roasted-broccoli/','6bef9158-ba10-4796-bc2f-907f149bb307','e27eb4e4-74a9-4bf7-a441-d88093c9038e'),('091f4abd-da90-45ae-957c-415a70e0a497','2023-07-26 12:57:14.761000','da3ef8ad-b945-472e-8803-621b9fcde824','da3ef8ad-b945-472e-8803-621b9fcde824','2023-07-26 12:57:14.761000',10,'This miso soup is easy to make in just 15 minutes with dashi stock, miso paste, silken tofu, and green onions for a deliciously savory appetizer.','20230726125714.','Miso Soup',5,4,'https://www.allrecipes.com/recipe/13107/miso-soup/','6bef9158-ba10-4796-bc2f-907f149bb307','76105564-4aad-46da-8f6b-2a9356b344ca'),('14e363b2-8f6f-4688-a95a-03f4a1e3058b','2023-07-26 12:57:55.874000','da3ef8ad-b945-472e-8803-621b9fcde824','da3ef8ad-b945-472e-8803-621b9fcde824','2023-07-26 12:57:55.874000',5,'This fantastic fruit salad combines pineapple, kiwi, bananas, oranges, grapes, and berries in a sweet citrusy sauce for a colorful dessert.','20230726125755.','Perfect Summer Fruit Salad',25,10,'https://www.allrecipes.com/recipe/214947/perfect-summer-fruit-salad/','6bef9158-ba10-4796-bc2f-907f149bb307','14a01a69-f7b6-4c25-8049-3ec10d6195df'),('1b7044cb-da17-4201-aa89-61c85a92d3f5','2023-07-26 13:05:52.043000','da3ef8ad-b945-472e-8803-621b9fcde824','da3ef8ad-b945-472e-8803-621b9fcde824','2023-07-26 13:05:52.043000',10,'Learn how to make a grilled cheese sandwich in a nonstick pan with buttered bread and sliced Cheddar; serve with tomato soup for a comforting classic.','20230726130552.','Grilled Cheese Sandwich',5,2,'https://www.allrecipes.com/recipe/23891/grilled-cheese-sandwich/',NULL,'efa2629a-96f2-47c4-be1c-ffc18763bfff'),('23002002-422c-44d0-aef8-25dbd09fadb5','2023-07-26 12:57:27.821000','da3ef8ad-b945-472e-8803-621b9fcde824','da3ef8ad-b945-472e-8803-621b9fcde824','2023-07-26 12:57:27.821000',20,'This easy recipe for baked kale chips is simply the best. With only 3 ingredients, the kale chips turn out perfectly crispy and are a great homemade snack.','20230726125727.','Baked Kale Chips',10,6,'https://www.allrecipes.com/recipe/176957/baked-kale-chips/','6bef9158-ba10-4796-bc2f-907f149bb307','906b1d4e-46d4-40dd-8395-d1971dba17c3'),('2568d66b-793e-475a-9cc4-18991734ae2e','2023-07-26 13:06:21.922000','da3ef8ad-b945-472e-8803-621b9fcde824','da3ef8ad-b945-472e-8803-621b9fcde824','2023-07-26 13:06:21.922000',0,'This summer-ready cucumber, tomato, and onion salad is marinated for two hours in a simple, zesty homemade dressing before it\'s served for tons of flavor.','20230726130621.','Marinated Cucumber, Onion, and Tomato Salad',15,6,'https://www.allrecipes.com/recipe/237984/marinated-cucumber-onion-and-tomato-salad/',NULL,'aef7c6f4-01c1-44e8-af0a-bed432f90d3e'),('2cb41e69-866b-4c39-9939-641f6fa013dc','2023-07-26 13:02:00.122000','da3ef8ad-b945-472e-8803-621b9fcde824','da3ef8ad-b945-472e-8803-621b9fcde824','2023-07-26 13:02:00.122000',45,'These oreo cheesecake bars are simply irresistible for everyone loving cookies and cream. They are surprisingly easy to make and will feed a crowd.','20230726130200.','Oreo Cheesecake Bars',25,48,'https://www.allrecipes.com/oreo-cheesecake-bars-recipe-7497371','54fc51ec-6a4f-4107-acb1-cc7359a550bc','e05c69ba-91ba-4139-afca-dab49b31a16d'),('2ef728ba-bd21-467f-8576-6ead1e00f0a5','2023-07-26 13:07:17.855000','da3ef8ad-b945-472e-8803-621b9fcde824','da3ef8ad-b945-472e-8803-621b9fcde824','2023-07-26 13:07:17.855000',25,'This creamy broccoli cheese soup is easy to prepare and popular with all ages. The generous batch is ideal for entertaining, or for planned leftovers.','20230726130717.','Broccoli Cheese Soup',10,12,'https://www.allrecipes.com/recipe/13045/broccoli-cheese-soup/',NULL,'acac13c9-76db-4ade-b0a7-c78f9897abff'),('3f2d3700-37b9-43d0-87b5-45c40c2516c0','2023-07-26 13:05:10.144000','da3ef8ad-b945-472e-8803-621b9fcde824','da3ef8ad-b945-472e-8803-621b9fcde824','2023-07-26 13:05:10.144000',30,'Sloppy Joes are easy to make with lean ground beef, basic pantry ingredients, and hamburger buns. A comforting classic the whole family will enjoy!','20230726130510.','Sloppy Joes',5,6,'https://www.allrecipes.com/recipe/24264/sloppy-joes-ii/',NULL,'f3d6e797-2bb8-4dd6-9dd4-6d42c6bf04c2'),('49427b87-6105-46df-a252-b40ce0c06722','2023-07-26 13:06:36.255000','da3ef8ad-b945-472e-8803-621b9fcde824','da3ef8ad-b945-472e-8803-621b9fcde824','2023-07-26 13:06:36.255000',10,'A Reuben sandwich is easy to make with corned beef, Swiss cheese, sauerkraut, and Thousand Island dressing grilled between slices of rye bread.','20230726130636.','Reuben Sandwich',10,4,'https://www.allrecipes.com/recipe/47717/reuben-sandwich-ii/',NULL,'fd8790b6-7b7a-4bf1-ab56-8d8131f6c8d4'),('4a04fa5c-d9e0-493a-a394-1e940191b430','2023-07-26 13:05:21.176000','da3ef8ad-b945-472e-8803-621b9fcde824','da3ef8ad-b945-472e-8803-621b9fcde824','2023-07-26 13:05:21.176000',10,'This pasta salad uses tri-colored spiral pasta, crunchy bell peppers, tomatoes, and an easy dressing to create a tasty and beautiful salad for six.','20230726130521.','Pasta Salad',20,6,'https://www.allrecipes.com/recipe/14385/pasta-salad/',NULL,'3938fa75-f9cb-4b22-9674-a0a16acf305d'),('4f94c4a4-78af-49f2-88a1-90a161d48a7b','2023-07-26 13:02:12.396000','da3ef8ad-b945-472e-8803-621b9fcde824','da3ef8ad-b945-472e-8803-621b9fcde824','2023-07-26 13:02:12.396000',0,'Eton mess is incredibly easy to make by combining chunky bite-size pieces of meringue with whipped cream and berries for a sensational summer dessert.','20230726130212.','Easy Eton Mess',15,4,'https://www.allrecipes.com/easy-eton-mess-recipe-7485220','54fc51ec-6a4f-4107-acb1-cc7359a550bc','4cbc5580-bdb9-4acc-9906-870c6ec7ac52'),('5dd4cc08-9f82-4f68-9098-4e41aee8b161','2023-07-26 13:00:41.002000','da3ef8ad-b945-472e-8803-621b9fcde824','da3ef8ad-b945-472e-8803-621b9fcde824','2023-07-26 13:00:41.002000',30,'Blueberries sandwiched between homemade shortcake topped with cream - blueberry shortcake is the perfect summer dessert.','20230726130040.','Blueberry Shortcake',20,6,'https://www.allrecipes.com/blueberry-shortcake-recipe-7552490','54fc51ec-6a4f-4107-acb1-cc7359a550bc','fb1e8b5e-d538-4e20-8ed5-24d871dd9891'),('6a95ce5d-cc4b-413a-b6dc-686525da74a4','2023-07-26 12:55:44.387000','da3ef8ad-b945-472e-8803-621b9fcde824','da3ef8ad-b945-472e-8803-621b9fcde824','2023-07-26 12:55:44.387000',60,'Collards are seasoned with turmeric, paprika, allspice, and ginger in this fragrant variation on a traditional Ethiopian vegetarian dish.','20230726125544.','Gomen Wat',10,6,'https://www.allrecipes.com/recipe/185093/gomen-wat/','72cf33e2-fce4-4a83-8ac6-12d105ee5c64','bda8c7e7-2bdc-405d-9df9-d3d84e30750e'),('6ecc0328-5d82-4833-a535-36711a377149','2023-07-26 13:06:04.609000','da3ef8ad-b945-472e-8803-621b9fcde824','da3ef8ad-b945-472e-8803-621b9fcde824','2023-07-26 13:06:04.609000',30,'This tomato soup recipe is quick and easy to make for homemade fresh tomato soup; perfect when summer tomatoes are ripe in gardens and farmers\' markets.','20230726130604.','Fresh Tomato Soup',5,6,'https://www.allrecipes.com/recipe/39544/garden-fresh-tomato-soup/',NULL,'e697e4d5-0cfb-4923-98bf-b26086ec59a7'),('794ee6f4-0aa4-4111-9f6d-65ca8f2bb0a2','2023-07-26 13:01:42.153000','da3ef8ad-b945-472e-8803-621b9fcde824','da3ef8ad-b945-472e-8803-621b9fcde824','2023-07-26 13:01:42.153000',25,'Use your air fryer to make this yummy mini dark chocolate cake topped with brown butter frosting.','20230726130142.','Air Fryer Mini Dark Chocolate Cake with Brown Butter Frosting',20,6,'https://www.allrecipes.com/air-fryer-mini-dark-chocolate-cake-with-brown-butter-frosting-recipe-7509612','54fc51ec-6a4f-4107-acb1-cc7359a550bc','ae1956f6-7db4-4366-8840-e971562e2d7b'),('887f77dd-34a1-48ff-a2c5-1e4998553a53','2023-07-26 12:58:14.817000','da3ef8ad-b945-472e-8803-621b9fcde824','da3ef8ad-b945-472e-8803-621b9fcde824','2023-07-26 12:58:14.817000',120,'This hearty split pea soup recipe features potatoes, carrots, celery, marjoram, and chunks of ham; perfect nourishment on a cold and blustery day!','20230726125814.','Split Pea Soup',15,6,'https://www.allrecipes.com/recipe/13384/split-pea-soup/','6bef9158-ba10-4796-bc2f-907f149bb307','7d2ae65e-8c56-416f-8ed2-6613144ad59d'),('94ec5927-4b1b-4421-b86f-653265233b67','2023-07-26 13:07:02.209000','da3ef8ad-b945-472e-8803-621b9fcde824','da3ef8ad-b945-472e-8803-621b9fcde824','2023-07-26 13:07:02.209000',25,'This creamy baked potato soup with crispy bacon bits and shredded Cheddar is a tasty way to use leftover baked potatoes to feed a hungry family!','20230726130702.','Baked Potato Soup',15,6,'https://www.allrecipes.com/recipe/12997/baked-potato-soup-i/',NULL,'10a12bbd-f154-445c-97e5-a1db2ab8773b'),('9d16e497-5686-4f91-9ae2-5e91d2c450ef','2023-07-26 12:55:24.818000','da3ef8ad-b945-472e-8803-621b9fcde824','da3ef8ad-b945-472e-8803-621b9fcde824','2023-07-26 12:55:24.818000',55,'Atakilt wat is an Ethiopian side dish featuring carrots, onions, potatoes, and cabbage simmered with fragrant spices such as turmeric, cumin, and ginger.','20230726125524.','Atakilt Wat (Ethiopian Cabbage and Potatoes)',25,4,'https://www.allrecipes.com/recipe/236247/ethiopian-cabbage-and-potato-dish-atkilt/','72cf33e2-fce4-4a83-8ac6-12d105ee5c64','b94321ff-9a6b-414d-8c43-16b90656c26e'),('a13fdcd8-09f8-42fb-8d4e-9dfc9bcc7d0c','2023-07-26 13:01:09.989000','da3ef8ad-b945-472e-8803-621b9fcde824','da3ef8ad-b945-472e-8803-621b9fcde824','2023-07-26 13:01:09.989000',40,'This peach crumble may be the best dessert you can make with fresh, ripe peaches. Serve it warm, with whipped cream, vanilla ice cream, or a splash of heavy whipping cream.','20230726130109.','Sweeten Your Summer With Homemade Peach Crumble',15,10,'https://www.allrecipes.com/peach-crumble-recipe-7559227','54fc51ec-6a4f-4107-acb1-cc7359a550bc','f17bc4ad-0653-40c1-881b-4414fdaf083b'),('acbe1207-2c7a-4192-bdc7-3aee35b79d72','2023-07-26 13:01:21.251000','da3ef8ad-b945-472e-8803-621b9fcde824','da3ef8ad-b945-472e-8803-621b9fcde824','2023-07-26 13:01:21.251000',25,'This puff pastry cherry crostata is free-form and rustic like a galette, but with a flaky, buttery, puff pastry crust.','20230726130121.','Puff Pastry Cherry Crostata',20,6,'https://www.allrecipes.com/puff-pastry-cherry-crostata-recipe-7558586','54fc51ec-6a4f-4107-acb1-cc7359a550bc','dc64ed71-673f-4131-84c4-a0a4bdf278b9'),('b0540c9b-f8a9-4cf8-9841-d108bde92e4f','2023-07-26 12:59:01.571000','da3ef8ad-b945-472e-8803-621b9fcde824','da3ef8ad-b945-472e-8803-621b9fcde824','2023-07-26 12:59:01.571000',30,'Roasted potatoes coated with olive oil, garlic, herbs, and crushed red pepper flakes make a deliciously crispy, flavor-packed potato side dish.','20230726125901.','Oven Roasted Potatoes',15,4,'https://www.allrecipes.com/recipe/20963/oven-roasted-potatoes/','6bef9158-ba10-4796-bc2f-907f149bb307','c12e5f34-b6e9-401e-82eb-8e652341a671'),('b315b4e3-142e-4b19-ab70-80a6134dfe01','2023-07-26 13:02:27.500000','da3ef8ad-b945-472e-8803-621b9fcde824','da3ef8ad-b945-472e-8803-621b9fcde824','2023-07-26 13:02:27.500000',60,'Sticky toffee pudding is a classic British dessert featuring a moist date cake covered in a sticky toffee sauce that\'s oh-so comforting and delicious!','20230726130227.','Sticky Toffee Pudding',30,8,'https://www.allrecipes.com/recipe/285684/sticky-toffee-pudding/','54fc51ec-6a4f-4107-acb1-cc7359a550bc','d4ad63c8-4817-4005-a2c7-f48356121636'),('bd17d907-b567-4713-9c06-937e32c69ec5','2023-07-26 12:55:09.115000','da3ef8ad-b945-472e-8803-621b9fcde824','da3ef8ad-b945-472e-8803-621b9fcde824','2023-07-26 12:55:09.115000',15,'Injera flatbread from Ethiopia cooked in the skillet, made with millet flour for a nutty flavor.','20230726125509.','Injera',10,14,'https://www.allrecipes.com/recipe/7070/injera/','72cf33e2-fce4-4a83-8ac6-12d105ee5c64','8c91f8e9-812a-41c6-88f2-e0adada9a536'),('c250e40c-e4a9-4287-bd70-8b186657b612','2023-07-26 13:06:49.940000','da3ef8ad-b945-472e-8803-621b9fcde824','da3ef8ad-b945-472e-8803-621b9fcde824','2023-07-26 13:06:49.940000',55,'Zuppa Toscana made with sausage, potatoes, cream, spinach, and red pepper flakes. Tastes just like the one at your local Italian chain restaurant.','20230726130649.','Super-Delicious Zuppa Toscana',20,6,'https://www.allrecipes.com/recipe/143069/super-delicious-zuppa-toscana/',NULL,'2ad065fe-d348-4560-b415-d58eba113344'),('d3e38043-3a32-416b-b20a-0a824d0251bc','2023-07-26 12:54:54.497000','da3ef8ad-b945-472e-8803-621b9fcde824','da3ef8ad-b945-472e-8803-621b9fcde824','2023-07-26 12:54:54.497000',87,'Berbere, a blend of sweet and piquant spices, is the main attraction for this Ethiopian chicken with tomato-white wine sauce and egg garnish.','20230726125454.','Doro Wat: Ethiopian Chicken Dish',10,4,'https://www.allrecipes.com/recipe/246340/doro-wat-ethiopian-chicken-dish/','72cf33e2-fce4-4a83-8ac6-12d105ee5c64','514b5d2f-185a-4248-b470-cb6edb6b1f42'),('d5353f56-10be-49b3-9003-b8f00f6da9c9','2023-07-26 13:05:40.086000','da3ef8ad-b945-472e-8803-621b9fcde824','da3ef8ad-b945-472e-8803-621b9fcde824','2023-07-26 13:05:40.086000',15,'This classic potato salad recipe makes a creamy potato salad with hard-boiled eggs, celery, and relish. Perfect for summer BBQs, picnics, or potlucks.','20230726130540.','Old-Fashioned Potato Salad',15,8,'https://www.allrecipes.com/recipe/16729/old-fashioned-potato-salad/',NULL,'075f24bf-0977-4a3f-b59b-f00183e20b9e'),('d6ec9473-7b46-4f39-8132-8cb9f9f0badd','2023-07-26 12:58:42.187000','da3ef8ad-b945-472e-8803-621b9fcde824','da3ef8ad-b945-472e-8803-621b9fcde824','2023-07-26 12:58:42.187000',20,'These maple-glazed salmon fillets are marinated and baked in a tasty sauce made with maple syrup, soy sauce, and garlic for an easy but elegant meal.','20230726125842.','Maple Salmon',10,4,'https://www.allrecipes.com/recipe/51283/maple-salmon/','6bef9158-ba10-4796-bc2f-907f149bb307','3d76f174-2fbc-4b97-a13b-ee185e8cae38'),('d8f913b0-ef87-419e-b514-4787c9ccd3c9','2023-07-26 13:00:54.381000','da3ef8ad-b945-472e-8803-621b9fcde824','da3ef8ad-b945-472e-8803-621b9fcde824','2023-07-26 13:00:54.381000',25,'Chef John’s cornflake corn cake recipe makes a moister, sweeter version of cornbread using one surprising ingredient—cornflakes. The texture of this cake is just amazing.','20230726130054.','Cornflake Corn Cake',10,8,'https://www.allrecipes.com/cornflake-corn-cake-recipe-7562367','54fc51ec-6a4f-4107-acb1-cc7359a550bc','741ed43c-f416-41eb-ab1b-2db829eef982'),('ff349ae8-6cf1-4b41-a499-6355fe8dcc5c','2023-07-26 12:57:42.114000','da3ef8ad-b945-472e-8803-621b9fcde824','da3ef8ad-b945-472e-8803-621b9fcde824','2023-07-26 12:57:42.114000',15,'These crispy, homemade hash browns are quick, easy, and family-friendly, making them perfect as a side dish for any breakfast or brunch on weekdays or weekends.','20230726125742.','Homemade Crispy Hash Browns',20,4,'https://www.allrecipes.com/recipe/57783/emilys-famous-hash-browns/','6bef9158-ba10-4796-bc2f-907f149bb307','fb070321-c3f9-41b5-acc9-2941d1c00471');
/*!40000 ALTER TABLE `recipes` ENABLE KEYS */;
UNLOCK TABLES;



--
-- Dumping data for table `meal_plans`
--


LOCK TABLES `meal_plans` WRITE;
/*!40000 ALTER TABLE `meal_plans` DISABLE KEYS */;
INSERT INTO `meal_plans` (`id`,`created_at`,`created_by`,`last_modified_by`,`updated_at`,`date`,`meal_type`,`recipe_id`) VALUES ('01534a2a-c7ac-42eb-a3a7-a8a9dfd87199','2023-07-26 13:19:21.547000','da3ef8ad-b945-472e-8803-621b9fcde824','da3ef8ad-b945-472e-8803-621b9fcde824','2023-07-26 13:19:21.547000','2023-07-19','BREAKFAST','94ec5927-4b1b-4421-b86f-653265233b67'),('058886b4-ef4f-40de-bb4e-53af573c7621','2023-07-26 13:28:06.358000','da3ef8ad-b945-472e-8803-621b9fcde824','da3ef8ad-b945-472e-8803-621b9fcde824','2023-07-26 13:28:06.358000','2023-07-23','LUNCH','5dd4cc08-9f82-4f68-9098-4e41aee8b161'),('0a444101-ab3f-455c-8687-f937af00dae9','2023-07-26 13:26:46.648000','da3ef8ad-b945-472e-8803-621b9fcde824','da3ef8ad-b945-472e-8803-621b9fcde824','2023-07-26 13:26:46.648000','2023-07-22','LUNCH','4a04fa5c-d9e0-493a-a394-1e940191b430'),('0cee008a-88b7-4f2b-9df3-e25bfd5736ac','2023-07-26 13:28:48.670000','da3ef8ad-b945-472e-8803-621b9fcde824','da3ef8ad-b945-472e-8803-621b9fcde824','2023-07-26 13:28:48.670000','2023-07-31','LUNCH','d6ec9473-7b46-4f39-8132-8cb9f9f0badd'),('0f26d5ab-8208-48aa-8598-4ac10116d520','2023-07-26 13:13:14.587000','da3ef8ad-b945-472e-8803-621b9fcde824','da3ef8ad-b945-472e-8803-621b9fcde824','2023-07-26 13:13:14.587000','2023-07-29','LUNCH','23002002-422c-44d0-aef8-25dbd09fadb5'),('19327fdd-ca54-4010-ac3d-047feff4b748','2023-07-26 13:16:45.994000','da3ef8ad-b945-472e-8803-621b9fcde824','da3ef8ad-b945-472e-8803-621b9fcde824','2023-07-26 13:16:45.994000','2023-07-07','SUPPER','4f94c4a4-78af-49f2-88a1-90a161d48a7b'),('25ae4492-d6e1-403d-b162-db0c8e163eac','2023-07-26 13:17:12.407000','da3ef8ad-b945-472e-8803-621b9fcde824','da3ef8ad-b945-472e-8803-621b9fcde824','2023-07-26 13:17:12.407000','2023-07-10','LUNCH','6a95ce5d-cc4b-413a-b6dc-686525da74a4'),('25fdc61c-0fed-4ddd-b97d-dcbb60c46e7c','2023-07-26 13:18:41.767000','da3ef8ad-b945-472e-8803-621b9fcde824','da3ef8ad-b945-472e-8803-621b9fcde824','2023-07-26 13:18:41.767000','2023-07-04','DINNER','3f2d3700-37b9-43d0-87b5-45c40c2516c0'),('2af90cba-c2a6-4f61-bb9c-d5ab76c5c45f','2023-07-26 13:17:25.696000','da3ef8ad-b945-472e-8803-621b9fcde824','da3ef8ad-b945-472e-8803-621b9fcde824','2023-07-26 13:17:25.696000','2023-07-19','BRUNCH','4a04fa5c-d9e0-493a-a394-1e940191b430'),('2ec4ad1d-5328-4eca-87ef-61ff490143fb','2023-07-26 13:13:52.690000','da3ef8ad-b945-472e-8803-621b9fcde824','da3ef8ad-b945-472e-8803-621b9fcde824','2023-07-26 13:13:52.690000','2023-07-29','OTHER','091f4abd-da90-45ae-957c-415a70e0a497'),('32faf2b3-16d4-4ece-b692-bb11c7214a83','2023-07-26 13:12:56.866000','da3ef8ad-b945-472e-8803-621b9fcde824','da3ef8ad-b945-472e-8803-621b9fcde824','2023-07-26 13:12:56.866000','2023-07-29','BREAKFAST','ff349ae8-6cf1-4b41-a499-6355fe8dcc5c'),('3a2efba1-ede0-4c89-aebe-63e1d7c039ed','2023-07-26 13:12:12.728000','da3ef8ad-b945-472e-8803-621b9fcde824','da3ef8ad-b945-472e-8803-621b9fcde824','2023-07-26 13:12:12.728000','2023-07-28','BRUNCH','d5353f56-10be-49b3-9003-b8f00f6da9c9'),('4395c084-954f-4765-a672-929690a3fa09','2023-07-26 13:15:05.190000','da3ef8ad-b945-472e-8803-621b9fcde824','da3ef8ad-b945-472e-8803-621b9fcde824','2023-07-26 13:15:05.190000','2023-07-25','BRUNCH','d6ec9473-7b46-4f39-8132-8cb9f9f0badd'),('43cb4de8-fba8-4afb-a2cb-326c9d747cef','2023-07-26 13:10:17.803000','da3ef8ad-b945-472e-8803-621b9fcde824','da3ef8ad-b945-472e-8803-621b9fcde824','2023-07-26 13:10:17.803000','2023-07-26','SUPPER','b0540c9b-f8a9-4cf8-9841-d108bde92e4f'),('4c1b80e7-a84b-439d-878b-0c30539b1034','2023-07-26 13:12:25.728000','da3ef8ad-b945-472e-8803-621b9fcde824','da3ef8ad-b945-472e-8803-621b9fcde824','2023-07-26 13:12:25.728000','2023-07-28','SUPPER','b315b4e3-142e-4b19-ab70-80a6134dfe01'),('57e2c172-ec9a-454a-97c5-0bbbcc181f8d','2023-07-26 13:16:23.360000','da3ef8ad-b945-472e-8803-621b9fcde824','da3ef8ad-b945-472e-8803-621b9fcde824','2023-07-26 13:16:23.360000','2023-07-06','BREAKFAST','d3e38043-3a32-416b-b20a-0a824d0251bc'),('59b707a5-c0d3-4e47-b933-c45db395863e','2023-07-26 13:18:54.496000','da3ef8ad-b945-472e-8803-621b9fcde824','da3ef8ad-b945-472e-8803-621b9fcde824','2023-07-26 13:18:54.496000','2023-07-05','LUNCH','6ecc0328-5d82-4833-a535-36711a377149'),('5cd1512e-1738-4b0a-a7c2-c3fb02e254a1','2023-07-26 13:08:51.583000','da3ef8ad-b945-472e-8803-621b9fcde824','da3ef8ad-b945-472e-8803-621b9fcde824','2023-07-26 13:08:51.583000','2023-07-26','BREAKFAST','1b7044cb-da17-4201-aa89-61c85a92d3f5'),('5e20df64-5167-495a-a4a3-1914b341e50c','2023-07-26 13:17:48.822000','da3ef8ad-b945-472e-8803-621b9fcde824','da3ef8ad-b945-472e-8803-621b9fcde824','2023-07-26 13:17:48.822000','2023-07-17','DINNER','3f2d3700-37b9-43d0-87b5-45c40c2516c0'),('667f668d-4382-4cd7-af3c-b13486b15dc5','2023-07-26 13:19:38.309000','da3ef8ad-b945-472e-8803-621b9fcde824','da3ef8ad-b945-472e-8803-621b9fcde824','2023-07-26 13:19:38.309000','2023-07-20','LUNCH','2568d66b-793e-475a-9cc4-18991734ae2e'),('69824cbf-4776-476c-9b23-9656bbcc2283','2023-07-26 13:27:20.812000','da3ef8ad-b945-472e-8803-621b9fcde824','da3ef8ad-b945-472e-8803-621b9fcde824','2023-07-26 13:27:20.812000','2023-07-09','DINNER','9d16e497-5686-4f91-9ae2-5e91d2c450ef'),('6bfb043a-5a9c-40b5-8808-d93ff71810f4','2023-07-26 13:16:04.241000','da3ef8ad-b945-472e-8803-621b9fcde824','da3ef8ad-b945-472e-8803-621b9fcde824','2023-07-26 13:16:04.241000','2023-07-12','BRUNCH','d8f913b0-ef87-419e-b514-4787c9ccd3c9'),('6d590f63-f176-424c-a80d-649d8619c846','2023-07-26 13:09:03.900000','da3ef8ad-b945-472e-8803-621b9fcde824','da3ef8ad-b945-472e-8803-621b9fcde824','2023-07-26 13:09:03.900000','2023-07-26','LUNCH','d6ec9473-7b46-4f39-8132-8cb9f9f0badd'),('6e7132cc-d601-4812-87e6-2cd66abfcd5d','2023-07-26 13:16:14.242000','da3ef8ad-b945-472e-8803-621b9fcde824','da3ef8ad-b945-472e-8803-621b9fcde824','2023-07-26 13:16:14.242000','2023-07-03','LUNCH','d5353f56-10be-49b3-9003-b8f00f6da9c9'),('6ea62044-5c52-42aa-8a96-0d955189b233','2023-07-26 13:10:30.012000','da3ef8ad-b945-472e-8803-621b9fcde824','da3ef8ad-b945-472e-8803-621b9fcde824','2023-07-26 13:10:30.012000','2023-07-26','DINNER','bd17d907-b567-4713-9c06-937e32c69ec5'),('769f2fa8-9e1c-4cf3-bd8f-da53474ebbda','2023-07-26 13:15:43.149000','da3ef8ad-b945-472e-8803-621b9fcde824','da3ef8ad-b945-472e-8803-621b9fcde824','2023-07-26 13:15:43.149000','2023-07-11','BRUNCH','2ef728ba-bd21-467f-8576-6ead1e00f0a5'),('833ff294-90e5-4719-8be0-0c2e21d3908e','2023-07-26 13:19:08.990000','da3ef8ad-b945-472e-8803-621b9fcde824','da3ef8ad-b945-472e-8803-621b9fcde824','2023-07-26 13:19:08.990000','2023-07-18','SUPPER','887f77dd-34a1-48ff-a2c5-1e4998553a53'),('8935ca0f-cf66-4b6c-b957-40f5c8bdca0b','2023-07-26 13:12:41.886000','da3ef8ad-b945-472e-8803-621b9fcde824','da3ef8ad-b945-472e-8803-621b9fcde824','2023-07-26 13:12:41.886000','2023-07-28','DINNER','044dcbb5-557f-4894-9aad-0f7fe0e7c890'),('8a24a820-8686-48ea-83e6-95d895b41eec','2023-07-26 13:29:36.851000','da3ef8ad-b945-472e-8803-621b9fcde824','da3ef8ad-b945-472e-8803-621b9fcde824','2023-07-26 13:29:36.851000','2023-07-30','BREAKFAST','d5353f56-10be-49b3-9003-b8f00f6da9c9'),('8a84eda8-6071-4d30-a747-a77c416d32dd','2023-07-26 13:27:09.310000','da3ef8ad-b945-472e-8803-621b9fcde824','da3ef8ad-b945-472e-8803-621b9fcde824','2023-07-26 13:27:09.310000','2023-07-09','BRUNCH','bd17d907-b567-4713-9c06-937e32c69ec5'),('8aa0a0d8-bcfd-4f09-a2a9-5a7eaa093a1d','2023-07-26 13:15:29.922000','da3ef8ad-b945-472e-8803-621b9fcde824','da3ef8ad-b945-472e-8803-621b9fcde824','2023-07-26 13:15:29.922000','2023-07-25','DINNER','acbe1207-2c7a-4192-bdc7-3aee35b79d72'),('916eb604-0225-43ae-be46-29cb605ac787','2023-07-26 13:13:34.479000','da3ef8ad-b945-472e-8803-621b9fcde824','da3ef8ad-b945-472e-8803-621b9fcde824','2023-07-26 13:13:34.479000','2023-07-29','DINNER','6a95ce5d-cc4b-413a-b6dc-686525da74a4'),('9bffdda8-ec0e-45fb-96e4-45439a7f4281','2023-07-26 13:26:09.062000','da3ef8ad-b945-472e-8803-621b9fcde824','da3ef8ad-b945-472e-8803-621b9fcde824','2023-07-26 13:26:09.062000','2023-07-21','BRUNCH','887f77dd-34a1-48ff-a2c5-1e4998553a53'),('9fb89313-0c3e-4ac1-99a0-cc50c88512f1','2023-07-26 13:24:03.630000','da3ef8ad-b945-472e-8803-621b9fcde824','da3ef8ad-b945-472e-8803-621b9fcde824','2023-07-26 13:24:03.630000','2023-07-17','BRUNCH','49427b87-6105-46df-a252-b40ce0c06722'),('a65cfffc-57a2-458a-9fd2-40a1e8f28647','2023-07-26 13:29:20.586000','da3ef8ad-b945-472e-8803-621b9fcde824','da3ef8ad-b945-472e-8803-621b9fcde824','2023-07-26 13:29:20.586000','2023-07-31','DINNER','044dcbb5-557f-4894-9aad-0f7fe0e7c890'),('ab412d7e-c43d-4184-b2cc-0ea4e8dfdf1b','2023-07-26 13:16:32.604000','da3ef8ad-b945-472e-8803-621b9fcde824','da3ef8ad-b945-472e-8803-621b9fcde824','2023-07-26 13:16:32.604000','2023-07-14','DINNER','d3e38043-3a32-416b-b20a-0a824d0251bc'),('b0545780-b82b-47f1-8ab6-a89c9b2445aa','2023-07-26 13:29:00.817000','da3ef8ad-b945-472e-8803-621b9fcde824','da3ef8ad-b945-472e-8803-621b9fcde824','2023-07-26 13:29:00.817000','2023-07-31','BREAKFAST','ff349ae8-6cf1-4b41-a499-6355fe8dcc5c'),('ba3ffd4f-ad48-4a66-9485-c246eee84bd0','2023-07-26 13:27:34.093000','da3ef8ad-b945-472e-8803-621b9fcde824','da3ef8ad-b945-472e-8803-621b9fcde824','2023-07-26 13:27:34.093000','2023-07-16','BRUNCH','d5353f56-10be-49b3-9003-b8f00f6da9c9'),('bfec1c4d-a398-404b-befe-dafb08012d7e','2023-07-26 13:10:55.606000','da3ef8ad-b945-472e-8803-621b9fcde824','da3ef8ad-b945-472e-8803-621b9fcde824','2023-07-26 13:10:55.606000','2023-07-27','BREAKFAST','d8f913b0-ef87-419e-b514-4787c9ccd3c9'),('c58527a4-5103-4514-b601-1d06db0bda93','2023-07-26 13:27:53.577000','da3ef8ad-b945-472e-8803-621b9fcde824','da3ef8ad-b945-472e-8803-621b9fcde824','2023-07-26 13:27:53.577000','2023-07-16','OTHER','4f94c4a4-78af-49f2-88a1-90a161d48a7b'),('cf6554df-55af-4d07-a947-3fca392d38f7','2023-07-26 13:28:20.337000','da3ef8ad-b945-472e-8803-621b9fcde824','da3ef8ad-b945-472e-8803-621b9fcde824','2023-07-26 13:28:20.337000','2023-07-23','DINNER','794ee6f4-0aa4-4111-9f6d-65ca8f2bb0a2'),('cf840815-69a9-4143-915f-311490be59fe','2023-07-26 13:11:15.161000','da3ef8ad-b945-472e-8803-621b9fcde824','da3ef8ad-b945-472e-8803-621b9fcde824','2023-07-26 13:11:15.161000','2023-07-27','LUNCH','9d16e497-5686-4f91-9ae2-5e91d2c450ef'),('d3deba1e-699f-421d-aceb-5d828d86c8e9','2023-07-26 13:28:35.970000','da3ef8ad-b945-472e-8803-621b9fcde824','da3ef8ad-b945-472e-8803-621b9fcde824','2023-07-26 13:28:35.970000','2023-07-24','BRUNCH','a13fdcd8-09f8-42fb-8d4e-9dfc9bcc7d0c'),('d5949900-40e5-465e-b337-c528e698f09f','2023-07-26 13:15:53.630000','da3ef8ad-b945-472e-8803-621b9fcde824','da3ef8ad-b945-472e-8803-621b9fcde824','2023-07-26 13:15:53.630000','2023-07-11','SUPPER','14e363b2-8f6f-4688-a95a-03f4a1e3058b'),('d85cb09b-0b70-4a45-9d3c-9667663ae710','2023-07-26 13:19:50.926000','da3ef8ad-b945-472e-8803-621b9fcde824','da3ef8ad-b945-472e-8803-621b9fcde824','2023-07-26 13:19:50.926000','2023-07-13','LUNCH','091f4abd-da90-45ae-957c-415a70e0a497'),('dc6ceb5d-c727-47a8-beea-82f9e5101bdc','2023-07-26 13:11:58.344000','da3ef8ad-b945-472e-8803-621b9fcde824','da3ef8ad-b945-472e-8803-621b9fcde824','2023-07-26 13:11:58.344000','2023-07-27','OTHER','2cb41e69-866b-4c39-9939-641f6fa013dc'),('e5a41415-5c8c-4484-89b3-e284c8858b8c','2023-07-26 13:11:39.974000','da3ef8ad-b945-472e-8803-621b9fcde824','da3ef8ad-b945-472e-8803-621b9fcde824','2023-07-26 13:11:39.974000','2023-07-27','DINNER','c250e40c-e4a9-4287-bd70-8b186657b612'),('e708e72c-138c-424f-8c13-9a5f8847f719','2023-07-26 13:15:18.033000','da3ef8ad-b945-472e-8803-621b9fcde824','da3ef8ad-b945-472e-8803-621b9fcde824','2023-07-26 13:15:18.033000','2023-07-25','LUNCH','bd17d907-b567-4713-9c06-937e32c69ec5'),('f2960906-37ed-4f24-ae61-3ec3ca15a108','2023-07-26 13:26:26.390000','da3ef8ad-b945-472e-8803-621b9fcde824','da3ef8ad-b945-472e-8803-621b9fcde824','2023-07-26 13:26:26.390000','2023-07-15','BRUNCH','091f4abd-da90-45ae-957c-415a70e0a497'),('fb32dc2d-4efc-4e07-bf34-a8ec7dfdc51b','2023-07-26 13:16:57.928000','da3ef8ad-b945-472e-8803-621b9fcde824','da3ef8ad-b945-472e-8803-621b9fcde824','2023-07-26 13:16:57.928000','2023-07-08','SUPPER','49427b87-6105-46df-a252-b40ce0c06722'),('fd574194-7bfd-441a-863c-012cd9ec65b0','2023-07-26 13:23:22.229000','da3ef8ad-b945-472e-8803-621b9fcde824','da3ef8ad-b945-472e-8803-621b9fcde824','2023-07-26 13:23:22.229000','2023-07-03','DINNER','3f2d3700-37b9-43d0-87b5-45c40c2516c0');
/*!40000 ALTER TABLE `meal_plans` ENABLE KEYS */;
UNLOCK TABLES;


--
-- Dumping data for table `recipe_directions`
--

LOCK TABLES `recipe_directions` WRITE;
/*!40000 ALTER TABLE `recipe_directions` DISABLE KEYS */;
INSERT INTO `recipe_directions` (`directions_order`,`directions`,`recipe_id`) VALUES (0,'Preheat the oven to 400 degrees F (200 degrees C).','044dcbb5-557f-4894-9aad-0f7fe0e7c890'),(0,'Combine water and dashi granules in a medium saucepan over medium-high heat; bring to a boil. Reduce heat to medium and whisk in miso paste. Stir in tofu. Separate the layers of green onions, and add them to the soup. Simmer gently for 2 to 3 minutes before serving.','091f4abd-da90-45ae-957c-415a70e0a497'),(0,'For the sauce: Bring orange juice, lemon juice, brown sugar, orange zest, and lemon zest to a boil in a saucepan over medium-high heat. Reduce heat to medium-low and simmer until slightly thickened, about 5 minutes. Remove from heat and stir in vanilla extract. Set aside to cool.','14e363b2-8f6f-4688-a95a-03f4a1e3058b'),(0,'Preheat a nonstick skillet over medium heat. Generously butter one side of a slice of bread. Place bread butter-side down in the hot skillet; add 1 slice of cheese. Butter a second slice of bread on one side and place butter-side up on top of cheese.','1b7044cb-da17-4201-aa89-61c85a92d3f5'),(0,'Gather all ingredients.','23002002-422c-44d0-aef8-25dbd09fadb5'),(0,'Gather all ingredients.','2568d66b-793e-475a-9cc4-18991734ae2e'),(0,'Gather all ingredients. Preheat the oven to 325 degrees F (165 degrees C).','2cb41e69-866b-4c39-9939-641f6fa013dc'),(0,'Melt butter in a stockpot over medium heat. Add onion and cook, stirring occasionally, until softened. Stir in broccoli. Add broth and simmer until broccoli is tender, 10 to 15 minutes.','2ef728ba-bd21-467f-8576-6ead1e00f0a5'),(0,'Heat a large skillet over medium heat. Cook and stir lean ground beef in the hot skillet until some of the fat starts to render, 3 to 4 minutes. Add onion and bell pepper; continue to cook until vegetables have softened and beef is cooked through, 3 to 5 more minutes.','3f2d3700-37b9-43d0-87b5-45c40c2516c0'),(0,'Preheat a large griddle or skillet over medium heat.','49427b87-6105-46df-a252-b40ce0c06722'),(0,'Gather all ingredients.','4a04fa5c-d9e0-493a-a394-1e940191b430'),(0,'Beat cream in a chilled glass or metal bowl with an electric mixer until soft peaks form.','4f94c4a4-78af-49f2-88a1-90a161d48a7b'),(0,'Shortcakes: Gather your ingredients. Preheat the oven to 400 degrees F (200 degrees C). Line a baking sheet with parchment paper or a silicone baking mat.','5dd4cc08-9f82-4f68-9098-4e41aee8b161'),(0,'Place chopped collard greens in a pot with 2 cups of water. Bring to a boil, then reduce heat to low. Cover, and simmer until collards are tender, about 20 minutes. Drain, but reserve the cooking water. Set aside.','6a95ce5d-cc4b-413a-b6dc-686525da74a4'),(0,'Gather all ingredients.','6ecc0328-5d82-4833-a535-36711a377149'),(0,'Preheat air fryer to 320 degrees F (160 degrees C). Coat a 6-inch cake pan with cooking spray. Line bottom of pan with parchment paper; dust with 2 tablespoons flour, tapping out excess.','794ee6f4-0aa4-4111-9f6d-65ca8f2bb0a2'),(0,'Place peas in a large stockpot and cover with several inches of cold water; let soak, 8 hours to overnight. Drain, rinse, and return peas to the pot.','887f77dd-34a1-48ff-a2c5-1e4998553a53'),(0,'Place bacon in a large skillet and cook over medium-high heat, turning occasionally, until evenly browned, about 8 to 10 minutes. Drain bacon slices on paper towels; crumble and set aside.','94ec5927-4b1b-4421-b86f-653265233b67'),(0,'Heat oil in a large pot over medium heat. Add carrots and sauté until slightly softened, about 5 minutes. Add onion; sauté until fragrant, about 2 minutes. Add turmeric, cumin, salt, pepper, and ginger; let seasonings toast until fragrant, about 1 minute.','9d16e497-5686-4f91-9ae2-5e91d2c450ef'),(0,'Preheat the oven to 375 degrees F (190 degrees C). Lightly grease a 2-1/2 quart baking dish.','a13fdcd8-09f8-42fb-8d4e-9dfc9bcc7d0c'),(0,'Preheat the oven to 400 degrees F (200 degrees C). Line a baking sheet with parchment paper.','acbe1207-2c7a-4192-bdc7-3aee35b79d72'),(0,'Preheat the oven to 475 degrees F (245 degrees C).','b0540c9b-f8a9-4cf8-9841-d108bde92e4f'),(0,'Combine dates and tea in a bowl; set aside to soak for 15 minutes.','b315b4e3-142e-4b19-ab70-80a6134dfe01'),(0,'Dissolve yeast and honey in 1/4 cup water. Let stand until yeast softens and begins to form a creamy foam, about 5 minutes. Add remaining 4 3/4 cups water and millet flour; stir until smooth. Cover and let stand at room temperature for 24 hours.','bd17d907-b567-4713-9c06-937e32c69ec5'),(0,'Cook Italian sausage and red pepper flakes in a Dutch oven over medium-high heat until crumbly, browned, and no longer pink, 10 to 15 minutes. Drain and set aside.','c250e40c-e4a9-4287-bd70-8b186657b612'),(0,'Heat 1/2 cup butter in a skillet over medium-low heat. Cook and stir onion until translucent, 5 to 6 minutes. Add 1/2 cup water and tomato paste; stir until hot, about 2 minutes. Stir in remaining butter, berbere, garlic, and ginger. Adjust heat to low and cook until mixture thickens to paste consistency, 20 to 30 minutes.','d3e38043-3a32-416b-b20a-0a824d0251bc'),(0,'Gather all ingredients.','d5353f56-10be-49b3-9003-b8f00f6da9c9'),(0,'Stir maple syrup, soy sauce, garlic, garlic salt, and pepper together in a small bowl.','d6ec9473-7b46-4f39-8132-8cb9f9f0badd'),(0,'Preheat the oven to 400 degrees F (200 degrees C). Grease a 9-inch round cake pan generously with 1 teaspoon butter, and place a circle of parchment in the bottom.','d8f913b0-ef87-419e-b514-4787c9ccd3c9'),(0,'Gather all ingredients.','ff349ae8-6cf1-4b41-a499-6355fe8dcc5c'),(1,'Cut broccoli florets from the stalk. Peel the stalk and slice into 1/4-inch slices. Mix florets and stem pieces with olive oil in a bowl and transfer to a baking sheet; season with salt and pepper.','044dcbb5-557f-4894-9aad-0f7fe0e7c890'),(1,'For the salad: Layer fruit in a large, clear glass bowl in this order: pineapple, strawberries, kiwi fruit, bananas, oranges, grapes, and blueberries. Pour cooled sauce over fruit; cover and refrigerate for 3 to 4 hours before serving.','14e363b2-8f6f-4688-a95a-03f4a1e3058b'),(1,'Cook until lightly browned on one side; flip over and continue cooking until cheese is melted. Repeat with remaining 2 slices of bread, butter, and slice of cheese.','1b7044cb-da17-4201-aa89-61c85a92d3f5'),(1,'Preheat an oven to 300 degrees F (150 degrees C). Line a rimmed baking sheet with parchment paper.','23002002-422c-44d0-aef8-25dbd09fadb5'),(1,'Whisk water, vinegar, oil, sugar, salt, and pepper together in a large bowl until smooth.','2568d66b-793e-475a-9cc4-18991734ae2e'),(1,'Line a 13x9x2-inch baking pan with heavy-duty foil, allowing 2 inches of overhang on two opposite sides of the pan. Coat foil lightly with nonstick cooking spray; set aside.','2cb41e69-866b-4c39-9939-641f6fa013dc'),(1,'Reduce heat; add cheese cubes and stir until melted. Stir in milk and garlic powder.','2ef728ba-bd21-467f-8576-6ead1e00f0a5'),(1,'Stir in ketchup, brown sugar, mustard, and garlic powder; season with salt and pepper. Reduce heat to low and simmer for 20 to 30 minutes.','3f2d3700-37b9-43d0-87b5-45c40c2516c0'),(1,'Spread one side of bread slices evenly with Thousand Island dressing. On four bread slices, layer one slice Swiss cheese, 2 slices corned beef, 1/4 cup sauerkraut, and a second slice of Swiss cheese. Top with remaining bread slices, dressing-side down. Butter the top of each sandwich.','49427b87-6105-46df-a252-b40ce0c06722'),(1,'Bring a large pot of lightly salted water to a boil. Cook pasta in the boiling water, stirring occasionally, until tender yet firm to the bite, about 10 to 12 minutes; rinse under cold water and drain.','4a04fa5c-d9e0-493a-a394-1e940191b430'),(1,'Break meringue cookies into bite-sized chunks and add to whipped cream; fold in berries lightly with a metal spoon until you see streaks of dark pink but still retain some chunks of meringue.','4f94c4a4-78af-49f2-88a1-90a161d48a7b'),(1,'In a small bowl whisk together cream, egg, vanilla, and lemon zest, if desired; set aside.','5dd4cc08-9f82-4f68-9098-4e41aee8b161'),(1,'Heat 1 tablespoon olive oil in a pot over medium heat. Stir in onions and cook until just beginning to brown, about 10 minutes. Stir in garlic and cook for 1 minute. Add the cooked collards, 1 tablespoon olive oil, and the reserved cooking water. Simmer, uncovered, over medium-high heat until liquid is nearly evaporated, 10 to 15 minutes.','6a95ce5d-cc4b-413a-b6dc-686525da74a4'),(1,'Combine tomatoes, chicken broth, garlic cloves, and a large slice of onion in a stockpot over medium heat. Bring to a boil, and gently simmer for about 20 minutes to blend flavors.','6ecc0328-5d82-4833-a535-36711a377149'),(1,'Stir together 1/4 cup flour, the cocoa, baking powder, baking soda, and salt in a small bowl. In another small bowl, whisk together buttermilk, applesauce, oil, espresso powder, and vanilla.','794ee6f4-0aa4-4111-9f6d-65ca8f2bb0a2'),(1,'Add 2 quarts of cold water, ham bone, onion, salt, pepper, and marjoram to the stockpot. Cover, bring to a boil, and simmer for 1 1/2 hours, stirring occasionally.','887f77dd-34a1-48ff-a2c5-1e4998553a53'),(1,'Meanwhile, melt butter in a stockpot or Dutch oven over medium heat. Gradually add flour, whisking until well-combined. Slowly pour in milk, whisking constantly until smooth and thickened.','94ec5927-4b1b-4421-b86f-653265233b67'),(1,'Stir cabbage and garlic into the pot; cook, stirring occasionally, until cabbage wilts, about 10 minutes. Stir in potatoes and water; bring to a boil. Reduce the heat to medium-low and simmer, stirring every 10 minutes, until potatoes are tender, about 30 minutes.','9d16e497-5686-4f91-9ae2-5e91d2c450ef'),(1,'Place peaches in the prepared baking dish. Combine brown sugar, 3 tablespoons flour, lemon juice, lemon zest, and cinnamon; sprinkle over peaches.','a13fdcd8-09f8-42fb-8d4e-9dfc9bcc7d0c'),(1,'On a lightly floured surface, roll a well-chilled puff pastry sheet into an approximate 11 to 12-inch round. Trim edges into a circle shape, and transfer to the lined baking sheet.','acbe1207-2c7a-4192-bdc7-3aee35b79d72'),(1,'Combine oil, garlic, basil, marjoram, dill, thyme, oregano, parsley, pepper flakes, and salt in a large bowl.','b0540c9b-f8a9-4cf8-9841-d108bde92e4f'),(1,'Preheat the oven to 350 degrees F (180 degrees C). Grease an 8-inch round cake pan and line with parchment paper.','b315b4e3-142e-4b19-ab70-80a6134dfe01'),(1,'Stir batter well and mix in baking soda.','bd17d907-b567-4713-9c06-937e32c69ec5'),(1,'Cook bacon in the same Dutch oven over medium heat until crisp, about 10 minutes. Drain, leaving a few tablespoons of drippings with the bacon in the bottom of the Dutch oven. Stir in onions and garlic; cook until onions are soft and translucent, about 5 minutes.','c250e40c-e4a9-4287-bd70-8b186657b612'),(1,'Stir remaining water into berbere paste; add chicken. Simmer until thickened to sauce consistency, about 45 minutes.','d3e38043-3a32-416b-b20a-0a824d0251bc'),(1,'Bring a large pot of salted water to a boil. Add potatoes and cook until tender but still firm, about 15 minutes.','d5353f56-10be-49b3-9003-b8f00f6da9c9'),(1,'Cut salmon into 4 equal-sized fillets; place in a shallow glass baking dish and coat with maple syrup mixture. Cover the dish and marinate salmon in the refrigerator for 30 minutes, turning once halfway.','d6ec9473-7b46-4f39-8132-8cb9f9f0badd'),(1,'Whisk egg and sugar together in a bowl until light and fluffy, about 1 minute. Whisk in melted butter, yogurt, and milk until combined.','d8f913b0-ef87-419e-b514-4787c9ccd3c9'),(1,'Rinse shredded potatoes until water is clear, then drain and squeeze dry.','ff349ae8-6cf1-4b41-a499-6355fe8dcc5c'),(2,'Roast in the preheated oven until broccoli is tender and lightly browned, about 18 to 20 minutes.','044dcbb5-557f-4894-9aad-0f7fe0e7c890'),(2,'With a knife or kitchen shears carefully remove kale leaves from the thick stems and tear into bite size pieces.','23002002-422c-44d0-aef8-25dbd09fadb5'),(2,'Add cucumbers, tomatoes, and onion and stir to coat.','2568d66b-793e-475a-9cc4-18991734ae2e'),(2,'Place 30 cookies in a food processor. Cover and pulse until finely ground.','2cb41e69-866b-4c39-9939-641f6fa013dc'),(2,'Stir cornstarch and water together in a small bowl until smooth. Stir into soup; cook, stirring frequently, until thick.','2ef728ba-bd21-467f-8576-6ead1e00f0a5'),(2,'Divide meat mixture evenly among hamburger buns.','3f2d3700-37b9-43d0-87b5-45c40c2516c0'),(2,'Place sandwiches, butter-side down on the preheated griddle; butter the top of each sandwich with remaining butter. Grill until both sides are golden brown, about 5 minutes per side. Serve hot.','49427b87-6105-46df-a252-b40ce0c06722'),(2,'Whisk Italian dressing and salad spice mix together until smooth. Combine pasta, tomatoes, bell peppers, and olives in a salad bowl.','4a04fa5c-d9e0-493a-a394-1e940191b430'),(2,'Spoon Eton mess into four glass dishes and serve.','4f94c4a4-78af-49f2-88a1-90a161d48a7b'),(2,'Combine flour, baking powder, sugar, and salt in a large bowl.','5dd4cc08-9f82-4f68-9098-4e41aee8b161'),(2,'Add the green pepper slices, lemon juice, salt, turmeric, paprika, allspice, and ginger root. Cook until peppers are soft, about 5 minutes.','6a95ce5d-cc4b-413a-b6dc-686525da74a4'),(2,'Remove from heat and run the mixture through a food mill into a large bowl, or pan. Discard any stuff left over in the food mill.','6ecc0328-5d82-4833-a535-36711a377149'),(2,'In a third bowl, beat egg with an electric mixer at low speed. Gradually add sugar. Increase mixer speed to high and continue beating until mixture is thick and pale, about 2 minutes.','794ee6f4-0aa4-4111-9f6d-65ca8f2bb0a2'),(2,'Remove ham bone; cut off meat, dice, and return meat to soup. Add celery, carrots, and potatoes. Cook slowly, uncovered, until vegetables are tender, about 30 to 40 minutes.','887f77dd-34a1-48ff-a2c5-1e4998553a53'),(2,'Add potatoes and onions and bring to a boil, stirring frequently. Reduce heat and simmer for 10 minutes.','94ec5927-4b1b-4421-b86f-653265233b67'),(2,'Combine 1 cup flour, sugar, baking powder, salt, and nutmeg. Stir in egg and mix until mixture has pea-sized crumbles. Sprinkle mixture over peaches. Pour butter evenly over crumbles.','a13fdcd8-09f8-42fb-8d4e-9dfc9bcc7d0c'),(2,'Stir cherries, brown sugar, cornstarch, cinnamon, almond extract, and salt together in a bowl until cherries are well coated. Spoon cherry mixture into the center of the pastry, leaving a 2-inch border. Lift up edges of the crust, and fold around, overlapping the cherry mixture.','acbe1207-2c7a-4192-bdc7-3aee35b79d72'),(2,'Stir in potatoes until evenly coated. Place potatoes in a single layer on a roasting pan or baking sheet.','b0540c9b-f8a9-4cf8-9841-d108bde92e4f'),(2,'Cream 3/4 cups plus 2 tablespoons sugar and butter until light and fluffy. Beat in eggs, one at a time, mixing well after each addition. Sift in flour and baking powder and fold into the mixture.','b315b4e3-142e-4b19-ab70-80a6134dfe01'),(2,'Heat a large nonstick skillet over medium heat. Pour about 1/3 cup batter into the pan in a spiral pattern; quickly tilt the pan and swirl to even out batter so it covers the bottom of the pan. Cover and cook until injera rises slightly and is slightly moist on top but not browned, about 1 minute. Without flipping (injera is only cooked on one side), remove to a platter.','bd17d907-b567-4713-9c06-937e32c69ec5'),(2,'Stir in chicken broth and bring to a boil over high heat. Add potatoes and simmer until fork tender, about 20 minutes. Reduce heat to medium; stir in cream, cooked sausage, and spinach. Cook and stir until spinach has wilted and sausage is warmed through; serve.','c250e40c-e4a9-4287-bd70-8b186657b612'),(2,'Stir white wine, cardamom, and black pepper into the sauce; add hard-boiled eggs. Cook until sauce is reduced slightly, about 15 minutes more.','d3e38043-3a32-416b-b20a-0a824d0251bc'),(2,'Drain, cool, peel, and chop potatoes.','d5353f56-10be-49b3-9003-b8f00f6da9c9'),(2,'Preheat the oven to 400 degrees F (200 degrees C).','d6ec9473-7b46-4f39-8132-8cb9f9f0badd'),(2,'Add cornmeal, flour, salt, baking powder, and baking soda to egg mixture; whisk until dry ingredients are moistened. Fold in 2 cups of the cornflakes with a spatula. Transfer batter to the prepared pan, and smooth the top.','d8f913b0-ef87-419e-b514-4787c9ccd3c9'),(2,'Place shreds in a bowl and mix in the onion, flour, and egg until evenly distributed.','ff349ae8-6cf1-4b41-a499-6355fe8dcc5c'),(3,'Wash and thoroughly dry kale with a salad spinner.','23002002-422c-44d0-aef8-25dbd09fadb5'),(3,'Cover bowl with plastic wrap; refrigerate for at least 2 hours.','2568d66b-793e-475a-9cc4-18991734ae2e'),(3,'Add melted butter and pulse just until combined.','2cb41e69-866b-4c39-9939-641f6fa013dc'),(3,'Pour dressing over salad and toss to coat.','4a04fa5c-d9e0-493a-a394-1e940191b430'),(3,'Cut in butter with a pastry blender until the mixture is the consistency of coarse crumbs.','5dd4cc08-9f82-4f68-9098-4e41aee8b161'),(3,'Melt butter over medium heat in the now empty stockpot. Stir in flour to make a roux by cooking, whisking constantly, until mixture turns medium brown.','6ecc0328-5d82-4833-a535-36711a377149'),(3,'Alternately fold flour mixture and buttermilk mixture into egg mixture with a rubber spatula, stirring until incorporated before adding next addition. Fold in dark chocolate.','794ee6f4-0aa4-4111-9f6d-65ca8f2bb0a2'),(3,'Stir in crumbled bacon, Cheddar cheese, sour cream, salt, and pepper. Continue cooking and stirring until cheese is melted.','94ec5927-4b1b-4421-b86f-653265233b67'),(3,'Bake in the preheated oven until the top is lightly browned, 37 to 40 minutes.','a13fdcd8-09f8-42fb-8d4e-9dfc9bcc7d0c'),(3,'Whisk egg and water into an egg wash, brush edges of the pastry, and sprinkle with turbinado.','acbe1207-2c7a-4192-bdc7-3aee35b79d72'),(3,'Roast in the preheated oven, turning occasionally to brown on all sides, until tender, about 20 to 30 minutes.','b0540c9b-f8a9-4cf8-9841-d108bde92e4f'),(3,'Add baking soda, vanilla, and espresso granules to the date-tea mixture. Add mixture to the batter and stir to produce a loose, soft, dropping consistency. Pour into the prepared pan.','b315b4e3-142e-4b19-ab70-80a6134dfe01'),(3,'Repeat to cook remaining injera, stacking on the plate when finished.','bd17d907-b567-4713-9c06-937e32c69ec5'),(3,'While potatoes cook, place eggs in a saucepan and cover with cold water. Bring water to a boil; cover, remove from heat, and let eggs stand in hot water for 10 to 12 minutes.','d5353f56-10be-49b3-9003-b8f00f6da9c9'),(3,'Place the baking dish in the preheated oven and bake salmon uncovered until flesh easily flakes with a fork, about 20 minutes.','d6ec9473-7b46-4f39-8132-8cb9f9f0badd'),(3,'Scatter remaining 1/2 cup cornflakes evenly over the top; press in lightly with your fingers.','d8f913b0-ef87-419e-b514-4787c9ccd3c9'),(3,'Heat about 1/4 inch of oil in a large heavy skillet over medium-high heat. When oil is sizzling hot, place potatoes into the pan in a 1/2 inch thick layer. Cover the whole bottom of the pan, or make separate piles like pancakes.','ff349ae8-6cf1-4b41-a499-6355fe8dcc5c'),(4,'Drizzle kale leaves with olive oil and toss to combine. Spread out in an even layer on the baking sheet without overlapping and sprinkle with salt.','23002002-422c-44d0-aef8-25dbd09fadb5'),(4,'Enjoy!','2568d66b-793e-475a-9cc4-18991734ae2e'),(4,'Transfer mixture to the prepared pan. Press crumbs evenly into the bottom of the pan.','2cb41e69-866b-4c39-9939-641f6fa013dc'),(4,'Refrigerate salad, 8 hours to overnight.','4a04fa5c-d9e0-493a-a394-1e940191b430'),(4,'Gently stir in cream mixture, just until moistened.','5dd4cc08-9f82-4f68-9098-4e41aee8b161'),(4,'Gradually whisk in a bit of the tomato mixture to prevent lumps from forming, then stir in the rest.','6ecc0328-5d82-4833-a535-36711a377149'),(4,'Pour batter into the prepared pan. Arrange pan in the air fryer basket.','794ee6f4-0aa4-4111-9f6d-65ca8f2bb0a2'),(4,'Bake in the preheated oven until cherries are tender and crust is golden brown, 23 to 30 minutes. Warm marmalade in the microwave until melted, 15 to 20 seconds, and drizzle over the cherries to glaze.','acbe1207-2c7a-4192-bdc7-3aee35b79d72'),(4,'Serve hot and enjoy!','b0540c9b-f8a9-4cf8-9841-d108bde92e4f'),(4,'Bake in the preheated oven until a skewer inserted in the center comes out clean, 1 to 1 1/2 hours.','b315b4e3-142e-4b19-ab70-80a6134dfe01'),(4,'Remove from hot water, cool, peel, and chop eggs.','d5353f56-10be-49b3-9003-b8f00f6da9c9'),(4,'Bake in the preheated oven until a skewer inserted near the center comes out clean, about 25 minutes.','d8f913b0-ef87-419e-b514-4787c9ccd3c9'),(4,'Cook until nicely browned on the bottom, then flip over and brown on the other side. It should take at least 5 minutes per side. If you are cooking them in one big piece, it can be cut into quarters for easier flipping.','ff349ae8-6cf1-4b41-a499-6355fe8dcc5c'),(5,'Bake until the edges start to brown but are not burnt, 20 to 30 minutes.','23002002-422c-44d0-aef8-25dbd09fadb5'),(5,'Bake in the preheated oven until set, about 10 minutes.','2cb41e69-866b-4c39-9939-641f6fa013dc'),(5,'Enjoy!','4a04fa5c-d9e0-493a-a394-1e940191b430'),(5,'Roll on a lightly floured surface to 3/4-inch thick.','5dd4cc08-9f82-4f68-9098-4e41aee8b161'),(5,'Season with sugar and salt to taste.','6ecc0328-5d82-4833-a535-36711a377149'),(5,'Cook until a toothpick inserted in center comes out clean, about 25 minutes. Let cool in pan on a wire rack about 10 minutes. Remove cake from pan and allow to cool completely on a wire rack.','794ee6f4-0aa4-4111-9f6d-65ca8f2bb0a2'),(5,'Allow to cool for about 15 minutes before cutting into wedges to serve.','acbe1207-2c7a-4192-bdc7-3aee35b79d72'),(5,'When pudding is almost finished baking, combine 1/2 cup plus 1 tablespoon sugar, 3/4 cup plus 1 tablespoon brown sugar, 3/4 cup plus 1 tablespoon golden syrup, and butter for the sauce in a heavy saucepan over low heat until melted. Simmer for 5 minutes, then remove from heat. Gradually stir in cream and vanilla. Return to the heat and stir until smooth, 2 to 3 minutes.','b315b4e3-142e-4b19-ab70-80a6134dfe01'),(5,'Combine the potatoes, eggs, celery, onion, relish, mayonnaise, mustard, garlic salt, celery salt, and pepper in a large bowl. Mix together well and refrigerate until chilled.','d5353f56-10be-49b3-9003-b8f00f6da9c9'),(5,'Cool cake in the pan for 15 to 20 minutes before removing to a plate. Cool completely before serving with fresh fruit or a fruit sauce.','d8f913b0-ef87-419e-b514-4787c9ccd3c9'),(5,'Remove from pan, and drain on paper towels. Season with salt and pepper and serve immediately.','ff349ae8-6cf1-4b41-a499-6355fe8dcc5c'),(6,'Enjoy!','23002002-422c-44d0-aef8-25dbd09fadb5'),(6,'Meanwhile, combine cream cheese and sugar in a large bowl and beat with an electric mixer on high until light and fluffy, about 3 minutes.','2cb41e69-866b-4c39-9939-641f6fa013dc'),(6,'Cut biscuits using a 2 1/2- to 3-inch round cutter or cut the dough as desired.','5dd4cc08-9f82-4f68-9098-4e41aee8b161'),(6,'Serve hot and enjoy!','6ecc0328-5d82-4833-a535-36711a377149'),(6,'For the frosting, melt butter in a heavy saucepan over medium heat; cook, stirring occasionally, until butter begins to turn golden brown and smells nutty, 15 to 20 minutes. Transfer butter to a bowl; cool for 10 minutes.','794ee6f4-0aa4-4111-9f6d-65ca8f2bb0a2'),(6,'Remove pudding from the oven. Spoon a little sauce onto each serving plate. Place a portion of pudding on top, then pour over more sauce. Serve remaining sauce on the side.','b315b4e3-142e-4b19-ab70-80a6134dfe01'),(6,'Enjoy!','d5353f56-10be-49b3-9003-b8f00f6da9c9'),(6,'Serve hot and enjoy!','ff349ae8-6cf1-4b41-a499-6355fe8dcc5c'),(7,'Add sour cream, eggs, vanilla, and salt. Beat until just combined.','2cb41e69-866b-4c39-9939-641f6fa013dc'),(7,'Place biscuits on the prepared baking sheet. Bake until golden brown, 15 minutes.','5dd4cc08-9f82-4f68-9098-4e41aee8b161'),(7,'Whisk in honey and vanilla. Whisk in powdered sugar until smooth, adding water, 1 teaspoon at a time, until desired consistency. The frosting will look separated but will come together with whisking in water a little at a time.','794ee6f4-0aa4-4111-9f6d-65ca8f2bb0a2'),(8,'Coarsely crush the remaining oreos by placing them in a resealable bag and hitting it with a rolling pin.','2cb41e69-866b-4c39-9939-641f6fa013dc'),(8,'Cool biscuits for 5 minutes on the baking sheet. Cool completely on a wire rack. Blueberry Topper:','5dd4cc08-9f82-4f68-9098-4e41aee8b161'),(8,'Immediately top cooled cake with the frosting and garnish with additional dark chocolate.','794ee6f4-0aa4-4111-9f6d-65ca8f2bb0a2'),(9,'Reserve 1/2 cup of the cookie crumbs. Fold the remaining crumbs into the batter.','2cb41e69-866b-4c39-9939-641f6fa013dc'),(9,'Combine 2 cups blueberries, sugar, and lemon juice in a medium saucepan.','5dd4cc08-9f82-4f68-9098-4e41aee8b161'),(10,'Pour batter evenly over prebaked crust, smoothing the top as necessary.','2cb41e69-866b-4c39-9939-641f6fa013dc'),(10,'Bring mixture to a simmer and cook until thickened on medium-low, about 15 minutes, stirring regularly.','5dd4cc08-9f82-4f68-9098-4e41aee8b161'),(11,'Sprinkle with reserved cookie crumbs.','2cb41e69-866b-4c39-9939-641f6fa013dc'),(11,'Stir in remaining 1 cup blueberries. Cool for about 15 minutes. Whipped Cream (if using):','5dd4cc08-9f82-4f68-9098-4e41aee8b161'),(12,'Bake in the preheated oven until the center appears set, with a slight jiggle, 35 to 40 minutes.','2cb41e69-866b-4c39-9939-641f6fa013dc'),(12,'Add heavy whipping cream and powdered sugar to a medium bowl.','5dd4cc08-9f82-4f68-9098-4e41aee8b161'),(13,'Cool in a pan on a wire rack for 2 hours, or until completely cool. Cover and chill for at least 1 hour.','2cb41e69-866b-4c39-9939-641f6fa013dc'),(13,'Beat until medium peaks form, 3 to 4 minutes. Assembly:','5dd4cc08-9f82-4f68-9098-4e41aee8b161'),(14,'Remove uncut bars from the pan by lifting foil.','2cb41e69-866b-4c39-9939-641f6fa013dc'),(14,'Split shortcakes in half horizontally.','5dd4cc08-9f82-4f68-9098-4e41aee8b161'),(15,'Cut into 2x2-inch bars to serve.','2cb41e69-866b-4c39-9939-641f6fa013dc'),(15,'Spoon half of the blueberry compote on the bottom halves of the shortcakes.','5dd4cc08-9f82-4f68-9098-4e41aee8b161'),(16,'Stack the shortcake tops on top. Top with remaining blueberry compote and whipped cream, if using.','5dd4cc08-9f82-4f68-9098-4e41aee8b161');
/*!40000 ALTER TABLE `recipe_directions` ENABLE KEYS */;
UNLOCK TABLES;

--
-- Dumping data for table `recipe_ingredients`
--

LOCK TABLES `recipe_ingredients` WRITE;
/*!40000 ALTER TABLE `recipe_ingredients` DISABLE KEYS */;
INSERT INTO `recipe_ingredients` (`recipe_id`,`ingredients`,`ingredients_order`) VALUES ('044dcbb5-557f-4894-9aad-0f7fe0e7c890','14 ounces broccoli',0),('044dcbb5-557f-4894-9aad-0f7fe0e7c890','1 tablespoon olive oil',1),('044dcbb5-557f-4894-9aad-0f7fe0e7c890','salt and ground black pepper to taste',2),('091f4abd-da90-45ae-957c-415a70e0a497','4 cups water',0),('091f4abd-da90-45ae-957c-415a70e0a497','2 teaspoons dashi granules',1),('091f4abd-da90-45ae-957c-415a70e0a497','3 tablespoons miso paste',2),('091f4abd-da90-45ae-957c-415a70e0a497','1 (8 ounce) package silken tofu, diced',3),('091f4abd-da90-45ae-957c-415a70e0a497','2 green onions, sliced diagonally into 1/2 inch pieces',4),('14e363b2-8f6f-4688-a95a-03f4a1e3058b','0.66666668653488 cup fresh orange juice',0),('14e363b2-8f6f-4688-a95a-03f4a1e3058b','0.33333334326744 cup fresh lemon juice',1),('14e363b2-8f6f-4688-a95a-03f4a1e3058b','0.33333334326744 cup packed brown sugar',2),('14e363b2-8f6f-4688-a95a-03f4a1e3058b','0.5 teaspoon grated orange zest',3),('14e363b2-8f6f-4688-a95a-03f4a1e3058b','0.5 teaspoon grated lemon zest',4),('14e363b2-8f6f-4688-a95a-03f4a1e3058b','1 teaspoon vanilla extract',5),('14e363b2-8f6f-4688-a95a-03f4a1e3058b','2 cups cubed fresh pineapple',6),('14e363b2-8f6f-4688-a95a-03f4a1e3058b','2 cups strawberries, hulled and sliced',7),('14e363b2-8f6f-4688-a95a-03f4a1e3058b','3 kiwi fruit, peeled and sliced',8),('14e363b2-8f6f-4688-a95a-03f4a1e3058b','3 bananas, sliced',9),('14e363b2-8f6f-4688-a95a-03f4a1e3058b','2 oranges, peeled and sectioned',10),('14e363b2-8f6f-4688-a95a-03f4a1e3058b','1 cup seedless grapes',11),('14e363b2-8f6f-4688-a95a-03f4a1e3058b','2 cups blueberries',12),('1b7044cb-da17-4201-aa89-61c85a92d3f5','4 slices white bread',0),('1b7044cb-da17-4201-aa89-61c85a92d3f5','3 tablespoons butter, divided',1),('1b7044cb-da17-4201-aa89-61c85a92d3f5','2 slices Cheddar cheese',2),('23002002-422c-44d0-aef8-25dbd09fadb5','1 bunch kale',0),('23002002-422c-44d0-aef8-25dbd09fadb5','1 tablespoon olive oil',1),('23002002-422c-44d0-aef8-25dbd09fadb5','1 teaspoon flaked sea salt',2),('2568d66b-793e-475a-9cc4-18991734ae2e','1 cup water',0),('2568d66b-793e-475a-9cc4-18991734ae2e','0.5 cup distilled white vinegar',1),('2568d66b-793e-475a-9cc4-18991734ae2e','0.25 cup vegetable oil',2),('2568d66b-793e-475a-9cc4-18991734ae2e','0.25 cup sugar',3),('2568d66b-793e-475a-9cc4-18991734ae2e','1 teaspoon salt, or to taste',4),('2568d66b-793e-475a-9cc4-18991734ae2e','1 teaspoon freshly ground black pepper, or to taste',5),('2568d66b-793e-475a-9cc4-18991734ae2e','3 cucumbers, peeled and sliced 1/4-inch thick',6),('2568d66b-793e-475a-9cc4-18991734ae2e','3 tomatoes, cut into wedges',7),('2568d66b-793e-475a-9cc4-18991734ae2e','1 onion, sliced and separated into rings',8),('2cb41e69-866b-4c39-9939-641f6fa013dc','nonstick cooking spray',0),('2cb41e69-866b-4c39-9939-641f6fa013dc','1 (19.1-ounce) package chocolate sandwich cookies with white filling (such as Oreos ®)',1),('2cb41e69-866b-4c39-9939-641f6fa013dc','1/4 cup salted butter',2),('2cb41e69-866b-4c39-9939-641f6fa013dc','3 (8-ounce) packages cream cheese, softened',3),('2cb41e69-866b-4c39-9939-641f6fa013dc','1 cup sugar',4),('2cb41e69-866b-4c39-9939-641f6fa013dc','3/4 cup sour cream',5),('2cb41e69-866b-4c39-9939-641f6fa013dc','3 eggs',6),('2cb41e69-866b-4c39-9939-641f6fa013dc','1 teaspoon vanilla',7),('2cb41e69-866b-4c39-9939-641f6fa013dc','1/4 teaspoon salt',8),('2ef728ba-bd21-467f-8576-6ead1e00f0a5','0.5 cup butter',0),('2ef728ba-bd21-467f-8576-6ead1e00f0a5','1 onion, chopped',1),('2ef728ba-bd21-467f-8576-6ead1e00f0a5','1 (16 ounce) package frozen chopped broccoli',2),('2ef728ba-bd21-467f-8576-6ead1e00f0a5','4 (14.5 ounce) cans chicken broth',3),('2ef728ba-bd21-467f-8576-6ead1e00f0a5','1 (1 pound) loaf processed cheese food, cubed',4),('2ef728ba-bd21-467f-8576-6ead1e00f0a5','2 cups milk',5),('2ef728ba-bd21-467f-8576-6ead1e00f0a5','1 tablespoon garlic powder',6),('2ef728ba-bd21-467f-8576-6ead1e00f0a5','0.66666668653488 cup cornstarch',7),('2ef728ba-bd21-467f-8576-6ead1e00f0a5','1 cup water',8),('3f2d3700-37b9-43d0-87b5-45c40c2516c0','1 pound lean ground beef',0),('3f2d3700-37b9-43d0-87b5-45c40c2516c0','0.25 cup chopped onion',1),('3f2d3700-37b9-43d0-87b5-45c40c2516c0','0.25 cup chopped green bell pepper',2),('3f2d3700-37b9-43d0-87b5-45c40c2516c0','0.75 cup ketchup, or to taste',3),('3f2d3700-37b9-43d0-87b5-45c40c2516c0','1 tablespoon brown sugar, or to taste',4),('3f2d3700-37b9-43d0-87b5-45c40c2516c0','1 teaspoon yellow mustard, or to taste',5),('3f2d3700-37b9-43d0-87b5-45c40c2516c0','0.5 teaspoon garlic powder',6),('3f2d3700-37b9-43d0-87b5-45c40c2516c0','salt and ground black pepper to taste',7),('3f2d3700-37b9-43d0-87b5-45c40c2516c0','6 hamburger buns, split',8),('49427b87-6105-46df-a252-b40ce0c06722','8 slices rye bread',0),('49427b87-6105-46df-a252-b40ce0c06722','0.5 cup Thousand Island dressing',1),('49427b87-6105-46df-a252-b40ce0c06722','8 slices Swiss cheese',2),('49427b87-6105-46df-a252-b40ce0c06722','8 slices deli sliced corned beef',3),('49427b87-6105-46df-a252-b40ce0c06722','1 cup sauerkraut, drained',4),('49427b87-6105-46df-a252-b40ce0c06722','2 tablespoons butter, softened',5),('4a04fa5c-d9e0-493a-a394-1e940191b430','1 pound tri-colored spiral pasta',0),('4a04fa5c-d9e0-493a-a394-1e940191b430','1 (16 ounce) bottle Italian-style salad dressing',1),('4a04fa5c-d9e0-493a-a394-1e940191b430','6 tablespoons salad seasoning mix',2),('4a04fa5c-d9e0-493a-a394-1e940191b430','2 cups cherry tomatoes, diced',3),('4a04fa5c-d9e0-493a-a394-1e940191b430','1 green bell pepper, chopped',4),('4a04fa5c-d9e0-493a-a394-1e940191b430','1 red bell pepper, diced',5),('4a04fa5c-d9e0-493a-a394-1e940191b430','0.5 yellow bell pepper, chopped',6),('4a04fa5c-d9e0-493a-a394-1e940191b430','1 (2.25 ounce) can black olives, chopped',7),('4f94c4a4-78af-49f2-88a1-90a161d48a7b','1 cup heavy cream',0),('4f94c4a4-78af-49f2-88a1-90a161d48a7b','4 store-bought meringue cookies, broken into bite-sized pieces',1),('4f94c4a4-78af-49f2-88a1-90a161d48a7b','12 ounces ripe raspberries',2),('5dd4cc08-9f82-4f68-9098-4e41aee8b161','Shortcakes',0),('5dd4cc08-9f82-4f68-9098-4e41aee8b161','3/4 cup heavy cream',1),('5dd4cc08-9f82-4f68-9098-4e41aee8b161','1 egg',2),('5dd4cc08-9f82-4f68-9098-4e41aee8b161','1 teaspoon vanilla extract',3),('5dd4cc08-9f82-4f68-9098-4e41aee8b161','1 teaspoon lemon zest, optional',4),('5dd4cc08-9f82-4f68-9098-4e41aee8b161','2 cups flour',5),('5dd4cc08-9f82-4f68-9098-4e41aee8b161','2 tablespoons white sugar',6),('5dd4cc08-9f82-4f68-9098-4e41aee8b161','1 tablespoon baking powder',7),('5dd4cc08-9f82-4f68-9098-4e41aee8b161','1/4 teaspoon salt',8),('5dd4cc08-9f82-4f68-9098-4e41aee8b161','6 tablespoons unsalted butter, cut into cubes',9),('5dd4cc08-9f82-4f68-9098-4e41aee8b161','Blueberry Topper',10),('5dd4cc08-9f82-4f68-9098-4e41aee8b161','3 cups fresh or frozen blueberries',11),('5dd4cc08-9f82-4f68-9098-4e41aee8b161','1/4 cup to 1/2 cup white sugar',12),('5dd4cc08-9f82-4f68-9098-4e41aee8b161','1 tablespoon lemon juice',13),('5dd4cc08-9f82-4f68-9098-4e41aee8b161','Whipped Cream (optional)',14),('5dd4cc08-9f82-4f68-9098-4e41aee8b161','1/2 cup heavy cream',15),('5dd4cc08-9f82-4f68-9098-4e41aee8b161','2 tablespoons powdered sugar',16),('6a95ce5d-cc4b-413a-b6dc-686525da74a4','1 pound collard greens - rinsed, trimmed and chopped',0),('6a95ce5d-cc4b-413a-b6dc-686525da74a4','2 cups water',1),('6a95ce5d-cc4b-413a-b6dc-686525da74a4','1 tablespoon olive oil',2),('6a95ce5d-cc4b-413a-b6dc-686525da74a4','0.75 cup chopped onions',3),('6a95ce5d-cc4b-413a-b6dc-686525da74a4','8 cloves garlic, chopped',4),('6a95ce5d-cc4b-413a-b6dc-686525da74a4','1 tablespoon olive oil',5),('6a95ce5d-cc4b-413a-b6dc-686525da74a4','1.5 cups sliced green bell pepper',6),('6a95ce5d-cc4b-413a-b6dc-686525da74a4','1 tablespoon fresh lemon juice',7),('6a95ce5d-cc4b-413a-b6dc-686525da74a4','1 teaspoon salt',8),('6a95ce5d-cc4b-413a-b6dc-686525da74a4','0.5 teaspoon ground turmeric',9),('6a95ce5d-cc4b-413a-b6dc-686525da74a4','0.5 teaspoon paprika',10),('6a95ce5d-cc4b-413a-b6dc-686525da74a4','0.5 teaspoon ground allspice',11),('6a95ce5d-cc4b-413a-b6dc-686525da74a4','2 tablespoons minced fresh ginger root',12),('6ecc0328-5d82-4833-a535-36711a377149','4 cups chopped fresh tomatoes',0),('6ecc0328-5d82-4833-a535-36711a377149','2 cups chicken broth',1),('6ecc0328-5d82-4833-a535-36711a377149','4 cloves garlic',2),('6ecc0328-5d82-4833-a535-36711a377149','1 slice onion',3),('6ecc0328-5d82-4833-a535-36711a377149','2 tablespoons butter',4),('6ecc0328-5d82-4833-a535-36711a377149','2 tablespoons all-purpose flour',5),('6ecc0328-5d82-4833-a535-36711a377149','2 teaspoons white sugar, or to taste',6),('6ecc0328-5d82-4833-a535-36711a377149','1 teaspoon salt',7),('794ee6f4-0aa4-4111-9f6d-65ca8f2bb0a2','Mini Dark Chocolate Cakes',0),('794ee6f4-0aa4-4111-9f6d-65ca8f2bb0a2','1/4 cup flour, plus 2 tablespoons for dusting',1),('794ee6f4-0aa4-4111-9f6d-65ca8f2bb0a2','3 tablespoon unsweetened Dutch process cocoapowder',2),('794ee6f4-0aa4-4111-9f6d-65ca8f2bb0a2','1/2 teaspoon baking powder',3),('794ee6f4-0aa4-4111-9f6d-65ca8f2bb0a2','1/4 teaspoon baking soda',4),('794ee6f4-0aa4-4111-9f6d-65ca8f2bb0a2','1/4 teaspoon salt',5),('794ee6f4-0aa4-4111-9f6d-65ca8f2bb0a2','3 tablespoon low-fat buttermilk',6),('794ee6f4-0aa4-4111-9f6d-65ca8f2bb0a2','3 tablespoon unsweetened applesauce',7),('794ee6f4-0aa4-4111-9f6d-65ca8f2bb0a2','41/2 teaspoon canola oil',8),('794ee6f4-0aa4-4111-9f6d-65ca8f2bb0a2','1 teaspoon instant espresso coffee powder',9),('794ee6f4-0aa4-4111-9f6d-65ca8f2bb0a2','1/2 teaspoon vanilla',10),('794ee6f4-0aa4-4111-9f6d-65ca8f2bb0a2','1 egg',11),('794ee6f4-0aa4-4111-9f6d-65ca8f2bb0a2','1/2 cup sugar',12),('794ee6f4-0aa4-4111-9f6d-65ca8f2bb0a2','1 ounces dark chocolate, chopped, plus morefor garnish',13),('794ee6f4-0aa4-4111-9f6d-65ca8f2bb0a2','Brown Butter Frosting',14),('794ee6f4-0aa4-4111-9f6d-65ca8f2bb0a2','5 tablespoons butter',15),('794ee6f4-0aa4-4111-9f6d-65ca8f2bb0a2','2 tablespoons honey',16),('794ee6f4-0aa4-4111-9f6d-65ca8f2bb0a2','½ teaspoon vanilla extract',17),('794ee6f4-0aa4-4111-9f6d-65ca8f2bb0a2','¾ cup powdered sugar',18),('794ee6f4-0aa4-4111-9f6d-65ca8f2bb0a2','2 teaspoons water, or as needed',19),('887f77dd-34a1-48ff-a2c5-1e4998553a53','2.25 cups dried split peas',0),('887f77dd-34a1-48ff-a2c5-1e4998553a53','2 quarts cold water, plus more as needed',1),('887f77dd-34a1-48ff-a2c5-1e4998553a53','1.5 pounds ham bone',2),('887f77dd-34a1-48ff-a2c5-1e4998553a53','2 onions, thinly sliced',3),('887f77dd-34a1-48ff-a2c5-1e4998553a53','0.5 teaspoon salt',4),('887f77dd-34a1-48ff-a2c5-1e4998553a53','0.25 teaspoon ground black pepper',5),('887f77dd-34a1-48ff-a2c5-1e4998553a53','1 pinch dried marjoram',6),('887f77dd-34a1-48ff-a2c5-1e4998553a53','3 stalks celery, chopped',7),('887f77dd-34a1-48ff-a2c5-1e4998553a53','3 carrots, chopped',8),('887f77dd-34a1-48ff-a2c5-1e4998553a53','1 potato, diced',9),('94ec5927-4b1b-4421-b86f-653265233b67','12 slices bacon',0),('94ec5927-4b1b-4421-b86f-653265233b67','0.66666668653488 cup butter or margarine',1),('94ec5927-4b1b-4421-b86f-653265233b67','0.66666668653488 cup all-purpose flour',2),('94ec5927-4b1b-4421-b86f-653265233b67','7 cups milk',3),('94ec5927-4b1b-4421-b86f-653265233b67','4 large baked potatoes, peeled and cubed',4),('94ec5927-4b1b-4421-b86f-653265233b67','4 green onions, chopped',5),('94ec5927-4b1b-4421-b86f-653265233b67','1.25 cups shredded Cheddar cheese',6),('94ec5927-4b1b-4421-b86f-653265233b67','1 cup sour cream',7),('94ec5927-4b1b-4421-b86f-653265233b67','1 teaspoon salt',8),('94ec5927-4b1b-4421-b86f-653265233b67','1 teaspoon ground black pepper',9),('9d16e497-5686-4f91-9ae2-5e91d2c450ef','0.33333334326744 cup olive oil',0),('9d16e497-5686-4f91-9ae2-5e91d2c450ef','4 carrots, sliced',1),('9d16e497-5686-4f91-9ae2-5e91d2c450ef','1 onion, thinly sliced',2),('9d16e497-5686-4f91-9ae2-5e91d2c450ef','1 teaspoon ground turmeric',3),('9d16e497-5686-4f91-9ae2-5e91d2c450ef','1 teaspoon ground cumin',4),('9d16e497-5686-4f91-9ae2-5e91d2c450ef','1 teaspoon salt',5),('9d16e497-5686-4f91-9ae2-5e91d2c450ef','0.5 teaspoon ground black pepper',6),('9d16e497-5686-4f91-9ae2-5e91d2c450ef','0.5 teaspoon ground ginger',7),('9d16e497-5686-4f91-9ae2-5e91d2c450ef','1 small head cabbage, sliced',8),('9d16e497-5686-4f91-9ae2-5e91d2c450ef','2 cloves garlic, minced',9),('9d16e497-5686-4f91-9ae2-5e91d2c450ef','4 small yellow potatoes, cut into bite-size cubes',10),('9d16e497-5686-4f91-9ae2-5e91d2c450ef','0.25 cup water',11),('a13fdcd8-09f8-42fb-8d4e-9dfc9bcc7d0c','6 cups peeled, sliced fresh peaches',0),('a13fdcd8-09f8-42fb-8d4e-9dfc9bcc7d0c','1/4 cup brown sugar',1),('a13fdcd8-09f8-42fb-8d4e-9dfc9bcc7d0c','3 tablespoons flour',2),('a13fdcd8-09f8-42fb-8d4e-9dfc9bcc7d0c','1 teaspoon freshly squeezed lemon juice',3),('a13fdcd8-09f8-42fb-8d4e-9dfc9bcc7d0c','1 teaspoon lemon zest',4),('a13fdcd8-09f8-42fb-8d4e-9dfc9bcc7d0c','1/2 teaspoon cinnamon',5),('acbe1207-2c7a-4192-bdc7-3aee35b79d72','1/2 (17.3 ounce) package frozen Puff Pastry Sheets, thawed',0),('acbe1207-2c7a-4192-bdc7-3aee35b79d72','1 pound sweet cherries, pitted and halved',1),('acbe1207-2c7a-4192-bdc7-3aee35b79d72','2 tablespoons brown sugar',2),('acbe1207-2c7a-4192-bdc7-3aee35b79d72','1 tablespoon cornstarch',3),('acbe1207-2c7a-4192-bdc7-3aee35b79d72','1/2 teaspoon cinnamon',4),('acbe1207-2c7a-4192-bdc7-3aee35b79d72','1/2 teaspoon almond extract',5),('acbe1207-2c7a-4192-bdc7-3aee35b79d72','1/4 teaspoon salt',6),('acbe1207-2c7a-4192-bdc7-3aee35b79d72','1 egg, beaten',7),('acbe1207-2c7a-4192-bdc7-3aee35b79d72','1 tablespoon water',8),('acbe1207-2c7a-4192-bdc7-3aee35b79d72','1 tablespoon turbinado sugar, or to taste',9),('acbe1207-2c7a-4192-bdc7-3aee35b79d72','1 tablespoon orange marmalade (optional)',10),('b0540c9b-f8a9-4cf8-9841-d108bde92e4f','0.125 cup olive oil',0),('b0540c9b-f8a9-4cf8-9841-d108bde92e4f','1 tablespoon minced garlic',1),('b0540c9b-f8a9-4cf8-9841-d108bde92e4f','0.5 teaspoon dried basil',2),('b0540c9b-f8a9-4cf8-9841-d108bde92e4f','0.5 teaspoon dried marjoram',3),('b0540c9b-f8a9-4cf8-9841-d108bde92e4f','0.5 teaspoon dried dill weed',4),('b0540c9b-f8a9-4cf8-9841-d108bde92e4f','0.5 teaspoon dried thyme',5),('b0540c9b-f8a9-4cf8-9841-d108bde92e4f','0.5 teaspoon dried oregano',6),('b0540c9b-f8a9-4cf8-9841-d108bde92e4f','0.5 teaspoon dried parsley',7),('b0540c9b-f8a9-4cf8-9841-d108bde92e4f','0.5 teaspoon crushed red pepper flakes',8),('b0540c9b-f8a9-4cf8-9841-d108bde92e4f','0.5 teaspoon salt',9),('b0540c9b-f8a9-4cf8-9841-d108bde92e4f','4 large potatoes, peeled and cubed',10),('b315b4e3-142e-4b19-ab70-80a6134dfe01','1.5 cups finely chopped, pitted dates',0),('b315b4e3-142e-4b19-ab70-80a6134dfe01','1.25 cups hot brewed tea',1),('b315b4e3-142e-4b19-ab70-80a6134dfe01','0.75 cup white sugar',2),('b315b4e3-142e-4b19-ab70-80a6134dfe01','2 tablespoons white sugar',3),('b315b4e3-142e-4b19-ab70-80a6134dfe01','0.5 cup unsalted butter, softened',4),('b315b4e3-142e-4b19-ab70-80a6134dfe01','3 large eggs',5),('b315b4e3-142e-4b19-ab70-80a6134dfe01','2 cups all-purpose flour',6),('b315b4e3-142e-4b19-ab70-80a6134dfe01','1.5 teaspoons baking powder',7),('b315b4e3-142e-4b19-ab70-80a6134dfe01','1 teaspoon baking soda',8),('b315b4e3-142e-4b19-ab70-80a6134dfe01','1 teaspoon vanilla extract',9),('b315b4e3-142e-4b19-ab70-80a6134dfe01','1 teaspoon instant espresso coffee granules',10),('b315b4e3-142e-4b19-ab70-80a6134dfe01','0.5 cup white sugar',11),('b315b4e3-142e-4b19-ab70-80a6134dfe01','1 tablespoon white sugar',12),('b315b4e3-142e-4b19-ab70-80a6134dfe01','0.75 cup brown sugar',13),('b315b4e3-142e-4b19-ab70-80a6134dfe01','1 tablespoon brown sugar',14),('b315b4e3-142e-4b19-ab70-80a6134dfe01','0.75 cup golden syrup',15),('b315b4e3-142e-4b19-ab70-80a6134dfe01','1 tablespoon golden syrup',16),('b315b4e3-142e-4b19-ab70-80a6134dfe01','0.5 cup unsalted butter',17),('b315b4e3-142e-4b19-ab70-80a6134dfe01','1 cup heavy cream',18),('b315b4e3-142e-4b19-ab70-80a6134dfe01','1 teaspoon vanilla extract',19),('bd17d907-b567-4713-9c06-937e32c69ec5','1 tablespoon active dry yeast',0),('bd17d907-b567-4713-9c06-937e32c69ec5','1 teaspoon honey',1),('bd17d907-b567-4713-9c06-937e32c69ec5','5 cups warm water (110 degrees F/45 degrees C)',2),('bd17d907-b567-4713-9c06-937e32c69ec5','3 cups finely ground millet flour',3),('bd17d907-b567-4713-9c06-937e32c69ec5','0.25 teaspoon baking soda',4),('c250e40c-e4a9-4287-bd70-8b186657b612','1 pound bulk mild Italian sausage',0),('c250e40c-e4a9-4287-bd70-8b186657b612','1.25 teaspoons crushed red pepper flakes',1),('c250e40c-e4a9-4287-bd70-8b186657b612','4 slices bacon, cut into 1/2 inch pieces',2),('c250e40c-e4a9-4287-bd70-8b186657b612','1 large onion, diced',3),('c250e40c-e4a9-4287-bd70-8b186657b612','1 tablespoon minced garlic',4),('c250e40c-e4a9-4287-bd70-8b186657b612','5 (13.75 ounce) cans chicken broth',5),('c250e40c-e4a9-4287-bd70-8b186657b612','6 medium potatoes, thinly sliced',6),('c250e40c-e4a9-4287-bd70-8b186657b612','1 cup heavy cream',7),('c250e40c-e4a9-4287-bd70-8b186657b612','0.25 bunch fresh spinach, tough stems removed',8),('d3e38043-3a32-416b-b20a-0a824d0251bc','1 cup butter, divided',0),('d3e38043-3a32-416b-b20a-0a824d0251bc','1 onion, chopped',1),('d3e38043-3a32-416b-b20a-0a824d0251bc','2.5 cups water, divided',2),('d3e38043-3a32-416b-b20a-0a824d0251bc','1 (6 ounce) can tomato paste',3),('d3e38043-3a32-416b-b20a-0a824d0251bc','0.75 cup berbere seasoning',4),('d3e38043-3a32-416b-b20a-0a824d0251bc','1 teaspoon chopped garlic',5),('d3e38043-3a32-416b-b20a-0a824d0251bc','0.5 teaspoon ground ginger',6),('d3e38043-3a32-416b-b20a-0a824d0251bc','4 skinless, boneless chicken breasts, cubed',7),('d3e38043-3a32-416b-b20a-0a824d0251bc','0.33333334326744 cup sweet white wine',8),('d3e38043-3a32-416b-b20a-0a824d0251bc','0.5 teaspoon ground cardamom',9),('d3e38043-3a32-416b-b20a-0a824d0251bc','0.5 teaspoon freshly ground black pepper',10),('d3e38043-3a32-416b-b20a-0a824d0251bc','4 hard-boiled eggs',11),('d5353f56-10be-49b3-9003-b8f00f6da9c9','5 potatoes',0),('d5353f56-10be-49b3-9003-b8f00f6da9c9','3 eggs',1),('d5353f56-10be-49b3-9003-b8f00f6da9c9','1 cup chopped celery',2),('d5353f56-10be-49b3-9003-b8f00f6da9c9','0.5 cup chopped onion',3),('d5353f56-10be-49b3-9003-b8f00f6da9c9','0.5 cup sweet pickle relish',4),('d5353f56-10be-49b3-9003-b8f00f6da9c9','0.25 cup mayonnaise',5),('d5353f56-10be-49b3-9003-b8f00f6da9c9','1 tablespoon prepared mustard',6),('d5353f56-10be-49b3-9003-b8f00f6da9c9','0.25 teaspoon garlic salt',7),('d5353f56-10be-49b3-9003-b8f00f6da9c9','0.25 teaspoon celery salt',8),('d5353f56-10be-49b3-9003-b8f00f6da9c9','ground black pepper to taste',9),('d6ec9473-7b46-4f39-8132-8cb9f9f0badd','0.25 cup maple syrup',0),('d6ec9473-7b46-4f39-8132-8cb9f9f0badd','2 tablespoons soy sauce',1),('d6ec9473-7b46-4f39-8132-8cb9f9f0badd','1 clove garlic, minced',2),('d6ec9473-7b46-4f39-8132-8cb9f9f0badd','0.25 teaspoon garlic salt',3),('d6ec9473-7b46-4f39-8132-8cb9f9f0badd','0.125 teaspoon ground black pepper',4),('d6ec9473-7b46-4f39-8132-8cb9f9f0badd','1 pound salmon',5),('d8f913b0-ef87-419e-b514-4787c9ccd3c9','1 teaspoon butter to grease pan',0),('d8f913b0-ef87-419e-b514-4787c9ccd3c9','1 large egg',1),('d8f913b0-ef87-419e-b514-4787c9ccd3c9','1/2 cup white sugar',2),('d8f913b0-ef87-419e-b514-4787c9ccd3c9','6 tablespoons unsalted butter, melted',3),('d8f913b0-ef87-419e-b514-4787c9ccd3c9','1/2 cup plain yogurt',4),('d8f913b0-ef87-419e-b514-4787c9ccd3c9','1/2 cup milk',5),('d8f913b0-ef87-419e-b514-4787c9ccd3c9','1/2 cup cornmeal',6),('d8f913b0-ef87-419e-b514-4787c9ccd3c9','1 cup all-purpose flour',7),('d8f913b0-ef87-419e-b514-4787c9ccd3c9','1 1/2 teaspoons baking powder',8),('d8f913b0-ef87-419e-b514-4787c9ccd3c9','1 teaspoon fine salt',9),('d8f913b0-ef87-419e-b514-4787c9ccd3c9','1/4 teaspoon baking soda',10),('d8f913b0-ef87-419e-b514-4787c9ccd3c9','2 1/2 cups cornflakes, divided',11),('ff349ae8-6cf1-4b41-a499-6355fe8dcc5c','2 medium russet potatoes, shredded',0),('ff349ae8-6cf1-4b41-a499-6355fe8dcc5c','0.5 medium onion, finely chopped',1),('ff349ae8-6cf1-4b41-a499-6355fe8dcc5c','0.25 cup all-purpose flour',2),('ff349ae8-6cf1-4b41-a499-6355fe8dcc5c','1 egg',3),('ff349ae8-6cf1-4b41-a499-6355fe8dcc5c','1 cup oil for frying, or as needed',4),('ff349ae8-6cf1-4b41-a499-6355fe8dcc5c','salt and pepper to taste',5);
/*!40000 ALTER TABLE `recipe_ingredients` ENABLE KEYS */;
UNLOCK TABLES;



